CBSA Name,ANSI/FIPS State Code [Public School] 2013-14,Pupil/Teacher Ratio [Public School] 2013-14,Pupil/Teacher Ratio [Public School] 2012-13,Pupil/Teacher Ratio [Public School] 2011-12,Pupil/Teacher Ratio [Public School] 2010-11,Pupil/Teacher Ratio [Public School] 2009-10,Pupil/Teacher Ratio [Public School] 2008-09,Pupil/Teacher Ratio [Public School] 2007-08,Pupil/Teacher Ratio [Public School] 2006-07,Pupil/Teacher Ratio [Public School] 2005-06,Pupil/Teacher Ratio [Public School] 2004-05,Pupil/Teacher Ratio [Public School] 2003-04,Pupil/Teacher Ratio [Public School] 2002-03
†,38 - North Dakota,21.00,20.00,†,†,†,†,†,†,13.90,14.00,14.20,14.00
Aberdeen SD,46 - South Dakota,13.82,14.11,13.69,13.20,13.03,13.70,14.00,14.10,13.90,14.10,14.60,14.20
Aberdeen WA,53 - Washington,†,17.67,17.88,17.30,18.64,17.50,17.90,17.70,18.00,18.20,18.70,18.20
Abilene TX,48 - Texas,14.30,14.16,14.02,13.24,13.12,13.10,12.70,12.60,12.60,12.70,12.90,13.00
Ada OK,40 - Oklahoma,14.53,14.33,14.37,14.38,13.73,13.60,13.80,13.90,13.70,14.00,17.40,14.20
Adrian MI,26 - Michigan,17.01,17.29,17.60,16.15,16.82,17.20,17.40,17.80,17.70,17.50,17.70,†
Akron OH,39 - Ohio,16.40,16.91,17.10,16.01,15.93,16.20,16.70,16.00,15.60,15.70,15.70,15.00
Alamogordo NM,59 - Bureau of Indian Education,15.61,15.52,15.78,14.66,13.92,14.40,14.40,15.10,14.60,14.90,15.40,15.50
Albany GA,13 - Georgia,16.69,16.83,16.56,16.65,15.26,15.30,15.80,16.30,16.80,16.10,16.80,15.70
Albany-Lebanon OR,41 - Oregon,23.03,22.86,22.89,22.11,22.10,21.30,21.50,33.70,21.10,21.80,22.10,20.90
Albany-Schenectady-Troy NY,36 - New York,13.73,13.74,13.57,12.96,13.09,13.00,12.80,†,†,13.70,†,13.70
Albemarle NC,37 - North Carolina,14.30,14.73,14.80,14.08,13.95,13.30,13.90,†,14.40,14.70,14.90,15.10
Albert Lea MN,27 - Minnesota,14.35,14.46,14.85,14.70,15.31,15.20,†,15.20,†,†,15.60,16.70
Albertville AL,="01 - Alabama",16.14,14.22,14.68,14.42,15.48,16.00,15.90,16.00,15.90,14.80,15.60,16.60
Albuquerque NM,35 - New Mexico,15.83,15.85,15.86,15.36,15.15,15.00,14.70,15.40,15.20,15.10,14.80,15.00
Alexander City AL,="01 - Alabama",15.36,†,16.75,15.02,14.99,14.90,14.30,15.00,†,†,†,†
Alexandria LA,22 - Louisiana,15.08,15.03,15.09,14.48,14.24,14.40,14.20,14.40,14.70,14.70,14.50,14.60
Alexandria MN,27 - Minnesota,16.12,16.30,15.17,14.86,14.88,14.90,15.80,15.80,15.60,15.50,15.50,15.60
Alice TX,48 - Texas,15.29,15.29,14.68,14.21,14.11,14.30,14.10,13.80,14.00,13.90,14.50,14.20
Allentown-Bethlehem-Easton PA-NJ,34 - New Jersey,14.72,14.93,15.52,14.91,14.81,14.50,15.50,16.20,15.50,15.60,16.00,16.00
Alma MI,26 - Michigan,16.34,16.62,16.54,16.26,16.55,16.50,17.00,17.80,16.50,16.60,16.90,†
Alpena MI,26 - Michigan,19.37,19.34,19.04,19.49,18.27,19.20,19.60,18.20,18.00,18.30,19.20,18.60
Altoona PA,42 - Pennsylvania,15.30,15.40,15.15,14.46,14.49,14.80,14.00,15.70,14.90,15.00,15.80,15.90
Altus OK,40 - Oklahoma,13.94,14.10,14.02,14.20,13.94,13.90,13.70,14.50,14.90,15.30,17.70,14.80
Amarillo TX,48 - Texas,14.40,14.75,14.63,14.53,14.37,14.30,14.10,14.20,14.20,14.50,14.50,14.50
Americus GA,13 - Georgia,15.93,15.27,15.57,15.70,14.20,13.30,14.20,14.40,15.20,15.00,†,15.20
Ames IA,19 - Iowa,14.93,14.79,14.67,14.84,14.11,14.00,14.60,13.90,14.20,13.50,13.70,13.90
Amsterdam NY,36 - New York,12.53,14.41,14.08,12.75,12.95,12.90,11.40,13.80,13.20,13.20,†,13.30
Anchorage AK,="02 - Alaska",17.47,19.10,17.28,16.84,17.29,17.40,17.90,17.70,17.90,18.40,18.30,17.70
Andrews TX,48 - Texas,14.67,15.07,14.56,13.79,13.68,13.80,13.70,13.50,13.70,13.70,13.90,13.30
Angola IN,18 - Indiana,17.89,17.76,15.39,17.12,16.90,17.30,17.60,†,17.70,17.50,17.50,17.70
Ann Arbor MI,26 - Michigan,18.23,18.08,17.62,17.51,16.95,17.20,17.60,17.20,17.10,17.80,17.50,†
Anniston-Oxford AL,="01 - Alabama",15.03,14.32,15.95,15.62,17.13,16.20,15.80,15.90,16.30,15.60,16.10,17.10
Appleton WI,59 - Bureau of Indian Education,15.93,15.86,16.25,15.99,15.61,15.50,15.50,15.40,15.20,15.40,15.60,15.20
Arcadia FL,12 - Florida,15.56,†,†,13.44,15.56,†,†,†,16.30,†,†,†
Ardmore OK,40 - Oklahoma,15.74,15.40,15.98,16.01,15.08,15.10,15.30,15.30,15.50,16.40,18.50,15.60
Arkadelphia AR,="05 - Arkansas",12.86,13.91,13.72,13.54,11.74,12.70,12.70,12.90,14.40,13.50,14.00,14.50
Arkansas City-Winfield KS,20 - Kansas,13.28,†,†,†,†,†,†,†,†,†,†,†
Asheville NC,37 - North Carolina,14.81,14.88,15.10,14.75,14.84,14.60,14.50,†,14.20,14.10,13.90,13.70
Ashland OH,39 - Ohio,15.72,16.17,16.14,14.95,15.17,16.90,17.90,17.40,17.00,17.10,16.90,14.80
Ashtabula OH,39 - Ohio,18.97,19.89,18.33,17.22,16.96,18.20,18.60,17.30,17.70,18.30,18.40,17.20
Astoria OR,41 - Oregon,19.33,18.63,17.81,17.84,17.22,16.70,17.20,17.00,18.20,18.70,18.70,18.60
Atchison KS,20 - Kansas,11.90,†,11.97,13.39,12.83,12.50,13.60,11.00,12.10,13.60,12.70,13.20
Athens OH,39 - Ohio,13.43,15.14,14.53,13.68,14.13,16.20,16.70,15.10,14.50,14.70,14.00,12.90
Athens TN,47 - Tennessee,16.43,15.62,16.43,16.44,16.28,16.40,16.60,16.60,17.10,16.20,†,†
Athens TX,48 - Texas,13.84,14.28,14.03,13.66,13.64,13.50,13.20,13.30,13.50,14.20,13.90,13.80
Athens-Clarke County GA,13 - Georgia,14.30,14.10,13.62,13.50,13.35,13.20,13.30,13.70,13.70,13.90,14.80,14.90
Atlanta-Sandy Springs-Marietta GA,63 - DOD (Overseas Domestic),16.14,16.08,15.52,15.26,14.56,14.20,14.30,14.60,15.00,15.00,15.80,15.30
Atlantic City NJ,34 - New Jersey,11.37,11.10,11.57,13.32,12.86,11.40,14.10,12.50,12.50,12.50,12.40,12.60
Auburn IN,18 - Indiana,17.05,17.28,17.65,17.30,16.20,18.80,19.30,†,19.70,19.20,18.80,18.60
Auburn NY,36 - New York,12.11,13.52,13.44,12.30,12.30,12.40,11.10,11.90,12.00,13.30,†,12.80
Auburn-Opelika AL,="01 - Alabama",15.39,14.95,15.02,15.10,15.83,14.90,14.20,14.60,14.30,14.70,14.80,15.20
Augusta-Richmond County GA-SC,13 - Georgia,16.47,16.35,16.11,15.91,15.41,15.00,15.10,13.50,15.50,15.60,16.40,16.20
Augusta-Waterville ME,23 - Maine,12.39,13.00,14.55,12.40,11.73,12.50,12.10,11.90,12.70,13.00,14.40,13.30
Austin MN,27 - Minnesota,14.43,14.00,14.24,14.29,15.81,14.40,16.70,16.40,15.70,15.30,15.40,15.10
Austin-Round Rock TX,48 - Texas,15.01,14.98,15.12,14.29,14.38,14.20,14.30,14.50,14.60,14.60,14.70,14.50
Bainbridge GA,13 - Georgia,16.94,17.48,16.48,15.89,14.98,14.90,14.80,15.20,15.00,14.60,15.20,15.10
Bakersfield CA,="06 - California",24.30,23.55,23.47,†,21.97,20.80,18.30,20.80,21.10,21.10,21.40,20.60
Baltimore-Towson MD,24 - Maryland,14.95,14.97,14.90,14.50,14.56,14.40,14.40,14.70,15.30,16.00,15.60,16.00
Bangor ME,23 - Maine,11.06,11.70,12.17,12.12,11.93,12.20,11.80,12.00,†,†,†,†
Baraboo WI,55 - Wisconsin,14.57,14.42,14.60,14.51,14.15,13.80,13.90,14.10,13.70,13.80,13.90,14.10
Bardstown KY,21 - Kentucky,18.34,†,†,†,†,†,†,†,†,†,†,†
Barnstable Town MA,25 - Massachusetts,12.17,12.05,12.15,12.72,12.57,12.40,12.40,12.20,†,†,†,†
Barre VT,50 - Vermont,10.12,10.05,10.35,10.44,10.60,10.80,11.00,11.10,11.00,11.60,11.70,11.70
Bartlesville OK,40 - Oklahoma,15.35,16.27,15.94,15.49,15.18,15.80,15.60,15.70,16.00,16.40,16.80,15.70
Bastrop LA,22 - Louisiana,11.74,13.08,13.38,13.36,13.91,14.00,14.20,14.90,14.60,13.70,14.00,14.50
Batavia NY,36 - New York,10.17,11.58,12.14,11.26,11.19,11.30,10.20,10.70,11.00,12.40,†,11.10
Batesville AR,="05 - Arkansas",13.96,13.24,14.02,14.05,12.76,11.60,11.50,11.20,13.90,13.30,13.40,13.70
Baton Rouge LA,22 - Louisiana,14.94,15.08,14.93,13.85,13.76,14.10,14.70,15.00,15.10,14.80,14.70,14.60
Battle Creek MI,26 - Michigan,16.67,16.64,16.26,15.98,16.03,16.40,16.20,16.70,16.20,16.10,15.90,17.00
Bay City MI,26 - Michigan,18.27,18.64,19.55,19.93,18.88,19.40,19.10,20.10,19.10,19.20,19.00,18.60
Bay City TX,48 - Texas,13.93,13.60,13.54,12.30,12.11,12.50,12.60,12.80,13.30,14.40,14.00,13.90
Beatrice NE,31 - Nebraska,13.39,13.21,13.08,12.83,12.82,12.80,12.90,13.00,13.40,13.80,13.80,13.70
Beaumont-Port Arthur TX,48 - Texas,14.66,14.82,14.71,14.08,13.96,14.20,14.10,14.10,14.00,14.60,14.80,14.40
Beaver Dam WI,55 - Wisconsin,15.02,14.84,15.18,14.40,14.32,14.00,14.10,14.30,14.10,13.80,13.90,13.90
Beckley WV,54 - West Virginia,14.23,14.83,15.03,14.25,14.97,15.60,15.40,15.40,15.20,15.00,15.10,15.00
Bedford IN,18 - Indiana,16.55,16.73,16.60,18.48,19.04,19.40,19.60,†,17.90,18.20,17.90,17.60
Beeville TX,48 - Texas,14.27,14.37,14.42,14.43,14.38,14.20,14.60,14.80,14.40,14.40,14.70,14.10
Bellefontaine OH,39 - Ohio,15.16,17.19,16.33,15.99,16.18,16.70,17.10,16.60,16.50,16.50,16.20,16.50
Bellingham WA,53 - Washington,†,20.69,20.36,20.30,19.96,18.80,18.80,18.90,18.80,19.20,19.20,19.10
Bemidji MN,27 - Minnesota,13.93,13.83,13.62,13.86,13.60,13.40,13.30,13.30,13.10,13.40,13.00,14.30
Bend OR,41 - Oregon,22.42,23.06,22.68,22.05,21.71,20.20,20.70,21.20,22.00,22.30,21.70,21.40
Bennettsville SC,45 - South Carolina,14.86,15.45,15.59,16.06,14.72,14.70,14.40,10.00,13.80,14.60,15.40,15.40
Bennington VT,50 - Vermont,12.53,12.87,11.92,12.04,12.04,12.40,12.60,12.80,11.00,11.40,10.80,12.00
Berlin NH-VT,33 - New Hampshire,10.22,10.33,10.55,10.48,10.52,11.00,11.30,11.10,12.10,12.40,12.90,12.90
Big Rapids MI,26 - Michigan,18.78,18.90,18.72,16.84,17.08,17.60,17.20,17.30,17.00,17.20,17.20,16.50
Big Spring TX,48 - Texas,15.11,15.68,14.92,14.07,14.08,14.40,13.90,13.90,13.70,13.90,14.10,13.60
Big Stone Gap VA,51 - Virginia,14.63,†,†,†,†,†,†,†,†,†,†,†
Billings MT,30 - Montana,15.45,15.78,15.69,15.00,14.79,14.50,14.40,14.90,15.00,15.40,15.60,15.80
Binghamton NY,36 - New York,12.65,13.25,13.09,11.97,12.39,12.60,11.80,12.50,12.60,13.00,†,12.60
Birmingham-Hoover AL,="01 - Alabama",16.03,†,15.00,14.56,15.55,15.30,14.80,15.10,15.20,15.20,15.40,15.70
Bishop CA,="06 - California",20.43,20.04,20.83,†,18.42,17.10,14.50,16.30,17.00,17.60,17.00,17.40
Bismarck ND,59 - Bureau of Indian Education,13.31,13.51,13.83,13.66,13.30,13.90,14.20,14.40,14.80,14.80,15.10,15.50
Blackfoot ID,16 - Idaho,19.73,19.34,18.30,17.44,18.32,18.50,18.30,18.00,18.30,18.30,18.70,18.60
Blacksburg-Christiansburg-Radford VA,51 - Virginia,13.67,13.39,13.70,15.40,15.08,15.20,15.30,12.90,12.10,13.00,12.00,10.80
Bloomington IL,17 - Illinois,16.60,†,†,†,†,†,†,†,†,†,†,†
Bloomington IN,18 - Indiana,15.95,16.38,16.42,17.51,16.37,16.50,17.00,†,17.10,17.30,17.20,16.50
Bloomsburg-Berwick PA,42 - Pennsylvania,12.95,12.88,13.09,12.40,12.42,12.00,10.40,13.60,13.70,14.10,14.30,14.40
Bluefield WV-VA,51 - Virginia,15.04,15.21,15.08,15.45,15.83,15.60,15.80,14.40,13.80,14.00,13.80,13.60
Blytheville AR,="05 - Arkansas",12.31,13.19,13.12,13.10,12.17,11.50,11.30,11.40,13.70,13.10,13.70,14.80
Bogalusa LA,22 - Louisiana,15.15,14.80,14.85,14.39,42.89,14.60,14.70,15.40,15.10,13.90,12.50,13.60
Boise City-Nampa ID,16 - Idaho,20.97,20.32,19.28,18.44,18.95,19.20,18.90,19.00,18.80,18.70,18.60,18.50
Bonham TX,48 - Texas,12.77,12.85,12.62,12.32,11.82,12.40,12.50,12.90,†,†,†,†
Boone IA,19 - Iowa,13.75,14.09,13.77,14.27,14.44,15.70,13.70,13.40,13.50,13.50,13.40,13.50
Boone NC,37 - North Carolina,12.19,12.66,12.88,13.16,13.02,12.30,12.40,†,11.40,11.70,11.90,12.00
Borger TX,48 - Texas,12.62,12.72,12.92,12.12,12.08,12.10,11.80,12.40,12.50,12.30,12.20,12.60
Boston-Cambridge-Quincy MA-NH,25 - Massachusetts,13.50,13.55,13.76,13.83,13.73,13.60,13.60,13.30,12.00,12.10,12.60,†
Boulder CO,="08 - Colorado",18.53,17.86,17.80,17.58,17.15,17.70,17.50,17.70,17.20,17.30,17.40,16.60
Bowling Green KY,21 - Kentucky,16.46,16.19,16.16,16.04,19.14,16.50,16.60,16.30,16.70,16.50,16.50,16.20
Bozeman MT,30 - Montana,15.70,16.23,16.14,16.23,15.74,15.80,15.90,15.90,15.90,16.30,16.20,16.10
Bradford PA,42 - Pennsylvania,13.71,13.83,13.51,13.22,13.31,14.00,13.80,15.40,14.60,14.90,15.70,15.90
Brainerd MN,27 - Minnesota,15.43,15.69,15.58,15.63,15.44,16.20,16.00,15.90,15.50,15.40,15.40,15.20
Branson MO,29 - Missouri,13.77,13.76,14.39,14.50,13.86,14.00,14.20,14.40,13.90,14.00,14.00,13.90
Breckenridge CO,="08 - Colorado",15.45,†,†,†,†,†,†,†,†,†,†,†
Bremerton-Silverdale WA,53 - Washington,†,19.75,19.70,19.10,18.73,18.70,18.90,19.30,19.50,19.20,19.10,19.20
Brenham TX,48 - Texas,13.49,13.14,13.12,13.16,12.76,12.80,12.50,12.80,13.40,13.40,13.50,12.80
Brevard NC,37 - North Carolina,12.97,13.28,13.56,13.83,13.52,13.30,13.60,†,13.70,13.60,13.90,14.00
Bridgeport-Stamford-Norwalk CT,="09 - Connecticut",13.64,13.56,13.55,13.58,13.74,12.30,13.70,15.00,15.60,16.30,14.10,13.80
Brookhaven MS,28 - Mississippi,15.85,16.27,14.96,16.91,15.79,16.30,16.30,17.50,18.10,17.60,14.70,15.20
Brookings OR,41 - Oregon,20.04,20.29,19.93,19.37,18.83,18.30,18.40,22.10,17.40,18.80,19.90,18.50
Brookings SD,46 - South Dakota,14.83,14.89,14.66,14.06,13.60,14.60,14.30,14.40,14.10,14.00,14.30,14.00
Brownsville TN,47 - Tennessee,15.22,14.60,14.51,14.83,14.28,14.20,15.00,15.50,16.00,15.60,†,†
Brownsville-Harlingen TX,48 - Texas,15.48,15.65,15.37,14.98,14.92,15.20,15.10,15.50,15.60,16.00,15.70,15.20
Brownwood TX,48 - Texas,12.94,13.03,†,†,13.10,12.70,12.60,†,†,†,†,†
Brunswick GA,13 - Georgia,15.93,16.19,15.94,15.51,14.74,14.80,15.00,14.90,14.70,14.90,16.10,16.30
Bucyrus OH,39 - Ohio,15.75,16.84,16.17,15.92,16.22,16.70,18.20,14.50,16.50,16.50,15.90,15.40
Buffalo-Cheektowaga-Tonawanda NY,36 - New York,13.14,13.48,13.36,12.88,12.90,13.10,12.90,13.30,13.50,14.00,†,13.60
Burley ID,16 - Idaho,19.63,18.80,17.27,17.22,17.11,17.90,17.50,17.60,18.10,17.60,17.90,18.10
Burlington IA-IL,17 - Illinois,13.96,14.12,14.40,13.78,13.83,13.50,13.50,13.40,14.00,12.90,13.30,12.90
Burlington NC,37 - North Carolina,15.14,15.68,15.44,15.28,15.21,14.60,15.10,†,15.70,15.40,15.50,15.40
Burlington-South Burlington VT,50 - Vermont,11.71,11.71,11.51,11.70,11.58,11.70,11.80,12.20,12.80,13.60,13.40,12.80
Butte-Silver Bow MT,30 - Montana,16.17,15.65,15.90,16.29,16.05,16.00,16.20,16.00,15.60,16.60,16.70,16.20
Cadillac MI,26 - Michigan,17.71,17.68,17.70,17.75,17.67,17.80,17.80,17.90,17.20,17.80,19.40,16.80
Calhoun GA,13 - Georgia,16.54,16.04,16.24,15.79,14.92,14.50,14.60,14.70,15.10,15.60,†,16.80
California-Lexington Park MD,24 - Maryland,17.06,†,†,†,†,†,†,†,†,†,†,†
Cambridge MD,24 - Maryland,12.85,13.35,13.11,13.14,12.78,12.80,12.90,14.30,14.60,15.60,15.40,†
Cambridge OH,39 - Ohio,16.18,16.71,16.31,16.42,16.59,18.80,19.50,17.90,17.50,16.20,17.60,17.60
Camden AR,="05 - Arkansas",12.63,13.28,12.84,12.86,11.38,11.90,11.00,11.70,13.40,13.30,14.20,14.90
Campbellsville KY,21 - Kentucky,16.32,†,15.92,15.47,21.96,16.00,15.10,16.50,14.80,15.50,15.40,15.90
Canon City CO,="08 - Colorado",16.41,16.10,16.74,17.12,15.67,15.40,15.30,15.80,16.10,16.20,16.20,16.50
Canton IL,17 - Illinois,15.99,†,13.80,14.59,13.51,14.70,15.30,13.70,13.80,13.40,13.20,12.80
Canton-Massillon OH,39 - Ohio,18.12,18.20,18.13,17.94,18.06,18.50,18.60,17.20,16.70,15.80,16.90,16.00
Cape Coral-Fort Myers FL,12 - Florida,15.83,15.90,16.19,16.60,16.23,15.80,16.00,17.10,17.50,17.30,18.30,19.30
Cape Girardeau-Jackson MO-IL,17 - Illinois,13.93,13.84,†,13.55,12.95,13.60,13.50,†,14.30,14.60,14.60,14.10
Carbondale IL,17 - Illinois,18.48,13.65,14.93,14.81,14.17,14.60,17.40,15.40,14.90,15.20,14.80,14.80
Carlsbad-Artesia NM,35 - New Mexico,16.75,16.64,16.20,15.49,15.37,15.40,15.10,16.00,15.50,15.40,15.60,15.80
Carson City NV,32 - Nevada,23.63,23.26,22.56,22.48,20.34,20.10,†,†,19.00,44.90,15.80,17.70
Casper WY,56 - Wyoming,14.28,†,14.35,†,14.69,14.40,14.40,14.60,15.20,15.10,15.10,14.70
Cedar City UT,49 - Utah,21.91,22.38,21.89,21.72,21.97,43.20,22.90,21.50,18.20,22.50,22.00,21.80
Cedar Rapids IA,19 - Iowa,14.79,14.68,14.70,14.55,14.36,14.50,14.10,14.50,14.30,14.20,14.30,15.20
Cedartown GA,13 - Georgia,16.48,15.41,14.88,15.05,14.81,14.00,14.20,13.50,14.00,14.70,16.10,15.60
Celina OH,39 - Ohio,16.26,16.02,16.68,16.64,16.86,17.50,18.30,16.20,17.40,17.20,17.00,17.00
Central City KY,21 - Kentucky,13.60,13.91,14.53,14.13,16.39,14.30,14.30,13.90,14.50,14.20,14.10,14.00
Centralia IL,17 - Illinois,16.59,10.56,14.23,13.78,13.73,14.90,17.80,15.80,15.20,14.90,15.20,14.30
Centralia WA,53 - Washington,†,18.90,19.15,18.35,17.83,17.70,18.20,18.50,18.80,18.50,18.30,18.50
Chambersburg PA,42 - Pennsylvania,16.19,16.76,16.50,15.89,15.06,15.20,14.40,16.50,16.10,16.50,16.90,16.90
Champaign-Urbana IL,17 - Illinois,17.12,10.87,14.09,13.88,13.50,13.70,15.90,14.40,14.90,14.70,14.90,14.20
Charleston WV,54 - West Virginia,14.65,15.00,14.66,14.10,14.11,15.10,14.80,15.10,15.00,15.00,14.70,15.20
Charleston-Mattoon IL,17 - Illinois,16.92,11.36,15.02,14.91,13.96,14.70,17.40,15.50,14.70,14.60,14.10,14.40
Charleston-North Charleston SC,45 - South Carolina,15.36,15.07,15.35,15.83,15.61,14.80,14.70,10.80,14.80,15.50,15.50,15.30
Charlotte-Gastonia-Concord NC-SC,45 - South Carolina,16.38,16.44,16.40,16.29,15.57,15.10,15.00,†,16.70,16.50,16.00,15.80
Charlottesville VA,51 - Virginia,13.90,14.03,13.93,16.95,16.78,16.20,16.20,12.00,12.70,12.40,12.40,10.90
Chattanooga TN-GA,13 - Georgia,15.01,15.02,14.81,14.78,14.80,14.80,14.90,14.40,15.80,15.70,†,†
Cheyenne WY,56 - Wyoming,12.57,†,12.32,†,13.30,13.00,12.80,13.50,13.50,13.90,14.50,14.50
Chicago-Naperville-Joliet IL-IN-WI,="04 - Arizona",17.69,13.96,16.78,16.80,16.40,16.70,18.70,17.80,16.60,16.80,17.50,17.00
Chico CA,="06 - California",22.31,21.33,21.31,†,20.41,20.30,17.00,19.60,19.50,19.70,20.00,19.60
Chillicothe OH,39 - Ohio,17.07,17.75,17.57,17.01,17.06,19.50,21.50,19.80,19.00,18.60,18.70,17.10
Cincinnati-Middletown OH-KY-IN,18 - Indiana,17.86,18.57,18.46,18.11,18.47,18.60,18.40,16.80,17.30,17.10,16.70,16.30
Claremont NH,33 - New Hampshire,10.51,10.67,11.10,11.00,11.14,11.20,11.50,11.40,†,†,†,†
Clarksburg WV,54 - West Virginia,14.12,14.27,14.22,14.09,15.23,15.40,15.40,15.40,15.40,15.40,15.20,15.40
Clarksdale MS,28 - Mississippi,14.80,14.30,15.27,15.34,14.70,15.20,16.40,16.80,17.80,16.40,14.60,14.30
Clarksville TN-KY,21 - Kentucky,15.69,15.53,15.98,15.55,16.03,15.90,16.20,16.70,17.10,16.90,†,†
Clearlake CA,="06 - California",21.79,23.27,21.08,†,19.05,19.80,16.10,19.70,19.70,19.90,20.30,19.40
Cleveland MS,28 - Mississippi,15.34,15.76,15.62,15.67,13.86,14.40,14.70,14.90,16.00,15.40,13.70,14.00
Cleveland TN,47 - Tennessee,15.68,15.74,15.97,15.76,15.89,16.00,16.00,16.40,16.60,16.20,†,†
Cleveland-Elyria-Mentor OH,39 - Ohio,16.86,16.75,16.36,16.76,16.62,16.70,17.30,14.80,16.70,16.60,16.00,15.10
Clewiston FL,59 - Bureau of Indian Education,16.48,†,†,17.79,18.92,17.30,17.60,18.10,18.40,18.30,19.90,20.10
Clinton IA,19 - Iowa,13.06,12.96,13.05,13.43,12.18,12.60,13.00,12.90,13.00,12.80,13.20,13.20
Clovis NM,35 - New Mexico,17.64,17.37,17.76,18.38,16.90,16.50,14.00,16.20,15.50,15.50,15.50,15.00
Coeur d'Alene ID,16 - Idaho,21.49,20.17,18.50,19.08,19.54,19.50,19.30,19.40,18.90,19.10,19.10,19.10
Coffeyville KS,20 - Kansas,14.04,†,13.21,14.55,13.95,15.40,16.30,13.30,13.70,14.00,14.90,14.40
Coldwater MI,26 - Michigan,18.55,18.12,20.10,19.24,18.83,18.10,15.80,18.50,15.60,15.90,15.90,19.00
College Station-Bryan TX,48 - Texas,14.07,14.20,14.08,13.94,13.89,13.70,13.80,14.10,14.30,14.60,14.40,13.80
Colorado Springs CO,="08 - Colorado",17.29,17.15,17.14,16.50,16.54,16.10,16.00,16.30,16.40,16.50,16.50,16.20
Columbia MO,29 - Missouri,14.33,14.88,14.59,14.42,13.76,13.90,13.50,14.10,13.50,13.60,13.60,13.50
Columbia SC,45 - South Carolina,15.09,15.39,15.61,16.05,15.14,15.50,14.00,10.50,14.00,14.80,14.80,14.50
Columbus GA-AL,13 - Georgia,15.76,15.26,15.26,15.17,14.68,14.90,15.00,15.50,15.30,15.60,15.90,15.90
Columbus IN,18 - Indiana,19.28,19.08,19.02,20.23,20.26,21.20,21.10,†,18.50,18.10,18.10,17.80
Columbus MS,28 - Mississippi,14.19,15.24,14.48,14.37,14.39,14.80,14.70,15.10,16.10,15.30,14.10,14.40
Columbus NE,31 - Nebraska,15.20,14.75,14.44,14.58,14.53,15.20,14.30,14.40,14.50,14.80,14.80,14.80
Columbus OH,39 - Ohio,18.13,18.36,18.15,17.72,17.59,17.90,18.70,17.90,17.20,16.80,16.90,16.20
Concord NH,33 - New Hampshire,12.50,12.84,13.02,12.78,13.15,12.80,13.10,13.40,15.40,15.00,16.10,15.10
Connersville IN,18 - Indiana,17.63,17.97,17.14,16.49,16.19,17.40,17.60,†,18.00,16.30,16.30,16.60
Cookeville TN,47 - Tennessee,16.56,16.58,16.50,17.39,16.84,17.10,16.90,17.70,17.50,17.00,†,†
Coos Bay OR,41 - Oregon,21.96,22.69,22.21,21.03,20.83,20.00,19.50,20.10,12.00,20.90,20.80,20.30
Cordele GA,13 - Georgia,16.38,16.71,15.38,14.66,13.59,13.70,13.90,14.00,13.80,14.30,16.60,16.30
Corinth MS,28 - Mississippi,15.33,15.68,15.42,15.75,14.19,14.60,14.10,14.30,14.40,14.20,13.50,13.80
Cornelia GA,13 - Georgia,14.61,14.23,14.04,13.64,13.29,13.30,13.30,13.40,13.70,14.50,15.90,16.20
Corning NY,36 - New York,11.19,12.82,12.54,11.95,12.64,12.60,12.80,12.80,12.40,13.50,†,12.90
Corpus Christi TX,48 - Texas,15.99,16.03,16.18,15.14,15.02,15.00,15.00,15.20,15.50,15.60,15.60,15.10
Corsicana TX,48 - Texas,14.51,14.50,14.17,13.08,13.52,13.30,13.50,13.90,14.10,14.00,14.00,13.60
Cortland NY,36 - New York,11.85,12.20,12.42,11.78,12.02,12.10,12.30,12.60,12.90,12.70,†,12.80
Corvallis OR,41 - Oregon,21.70,21.43,20.81,21.11,21.02,20.10,20.30,21.10,22.60,23.90,23.10,21.70
Coshocton OH,39 - Ohio,15.43,16.78,16.34,14.84,15.00,16.90,17.40,16.80,17.80,18.00,17.70,16.00
Craig CO,="08 - Colorado",16.24,†,†,†,†,†,†,†,†,†,†,†
Crawfordsville IN,18 - Indiana,15.11,15.11,15.40,16.69,15.79,16.10,16.00,†,16.80,16.20,16.30,16.80
Crescent City North CA,="06 - California",21.79,20.20,20.18,†,20.13,19.40,17.60,19.80,20.30,20.50,20.10,18.60
Crestview-Fort Walton Beach-Destin FL,12 - Florida,16.20,16.46,15.89,15.15,15.47,†,†,†,†,†,†,†
Crossville TN,47 - Tennessee,15.70,15.71,15.97,16.07,15.44,16.20,17.00,17.40,18.60,17.80,†,†
Cullman AL,="01 - Alabama",15.80,†,15.33,13.72,15.69,15.80,15.40,†,16.10,15.40,15.90,17.40
Cullowhee NC,37 - North Carolina,14.68,†,†,†,†,†,†,†,†,†,†,†
Cumberland MD-WV,24 - Maryland,14.33,14.39,14.26,14.27,13.56,14.50,14.70,14.00,14.50,15.00,14.50,14.90
Dallas-Fort Worth-Arlington TX,48 - Texas,15.74,15.81,15.69,15.03,14.92,14.80,14.70,15.20,15.40,15.30,15.30,15.10
Dalton GA,13 - Georgia,15.72,15.93,16.20,15.97,15.03,14.40,14.70,14.70,15.10,15.60,16.10,15.90
Danville IL,17 - Illinois,15.37,12.71,16.29,16.41,16.47,15.60,18.90,17.40,16.10,15.70,15.70,14.70
Danville KY,21 - Kentucky,16.05,15.46,15.59,15.04,20.71,14.70,14.70,14.40,14.20,15.10,15.20,15.60
Danville VA,51 - Virginia,14.89,14.85,13.85,15.42,14.88,14.80,15.20,12.80,13.00,13.70,13.30,11.80
Daphne-Fairhope AL,="01 - Alabama",17.70,16.09,17.28,16.02,16.76,15.70,14.20,14.90,15.00,14.20,14.50,15.30
Davenport-Moline-Rock Island IA-IL,17 - Illinois,16.61,13.34,15.68,15.60,14.98,15.30,16.60,15.90,15.20,15.10,15.40,15.20
Dayton OH,39 - Ohio,17.52,17.75,17.66,17.16,16.93,17.20,18.50,17.60,17.40,17.60,16.10,15.70
Dayton TN,47 - Tennessee,15.37,†,†,†,†,†,†,†,†,†,†,†
De Ridder LA,22 - Louisiana,14.17,15.56,14.66,14.70,14.02,14.00,13.90,14.80,15.30,15.10,15.10,14.70
Decatur AL,="01 - Alabama",14.43,12.63,13.41,†,13.78,15.20,14.80,15.00,14.70,14.80,14.90,15.30
Decatur IL,17 - Illinois,18.95,12.58,19.20,18.87,17.90,18.00,18.70,16.70,19.10,19.40,19.80,19.30
Decatur IN,18 - Indiana,14.67,14.47,13.99,16.62,14.76,14.80,15.20,†,16.80,17.20,17.30,17.20
Defiance OH,39 - Ohio,16.54,16.27,15.01,15.38,16.02,16.80,17.20,14.50,16.40,16.20,16.30,16.30
Del Rio TX,48 - Texas,16.60,15.85,15.90,15.81,15.40,15.30,15.70,15.70,16.50,17.10,18.00,17.80
Deltona-Daytona Beach-Ormond Beach FL,12 - Florida,15.59,15.75,15.07,15.31,15.70,14.10,14.40,14.40,15.20,15.60,16.30,16.00
Deming NM,35 - New Mexico,15.92,16.40,16.64,16.61,16.51,16.50,16.60,16.20,17.60,17.30,17.90,17.50
Denver-Aurora CO,="08 - Colorado",18.40,18.82,19.03,18.61,18.21,18.00,17.80,17.90,18.10,18.10,17.80,17.30
Des Moines IA,19 - Iowa,15.14,15.35,15.13,15.17,14.47,14.30,14.50,14.50,14.20,14.30,13.90,14.10
Detroit-Warren-Livonia MI,26 - Michigan,18.54,18.62,18.55,18.41,18.46,18.20,18.20,18.50,18.60,18.50,18.90,20.30
Dickinson ND,38 - North Dakota,13.51,12.95,12.62,12.28,12.48,12.50,12.60,13.00,13.20,13.40,14.00,14.00
Dillon SC,45 - South Carolina,17.82,18.32,18.35,17.86,17.06,17.00,16.50,11.30,16.70,16.80,17.00,16.30
Dixon IL,17 - Illinois,18.27,†,14.66,15.20,14.82,15.40,17.40,15.00,15.20,15.30,15.20,14.40
Dodge City KS,20 - Kansas,15.53,15.26,14.93,15.99,15.40,17.30,18.10,13.70,14.80,14.50,15.30,15.00
Dothan AL,="01 - Alabama",16.62,15.33,17.23,16.97,17.04,16.50,15.50,16.50,16.00,15.90,16.50,16.50
Douglas GA,13 - Georgia,15.68,15.61,15.34,15.25,14.61,14.10,14.20,14.60,15.10,14.60,17.60,17.60
Dover DE,10 - Delaware,13.96,13.93,14.98,14.73,14.49,14.90,14.70,15.20,15.50,15.20,15.10,15.30
Dublin GA,13 - Georgia,15.70,16.64,15.96,15.72,14.81,14.80,14.90,14.10,14.10,14.70,15.40,15.30
DuBois PA,42 - Pennsylvania,13.24,13.45,13.32,13.15,13.19,14.40,14.50,14.80,14.30,14.10,14.90,15.70
Dubuque IA,19 - Iowa,13.91,13.68,14.17,14.25,13.01,13.30,12.60,13.10,13.10,13.50,13.90,14.30
Duluth MN-WI,27 - Minnesota,16.32,16.36,15.95,16.00,16.16,16.30,16.70,16.70,16.80,16.30,16.90,16.20
Dumas TX,48 - Texas,13.20,13.59,13.54,13.05,13.28,13.10,12.90,12.80,13.20,13.10,13.60,13.60
Duncan OK,40 - Oklahoma,16.57,16.53,16.98,16.77,15.51,15.20,15.80,15.90,16.00,17.20,19.30,16.40
Dunn NC,37 - North Carolina,14.96,16.22,16.27,15.99,15.35,14.60,14.70,†,15.40,15.80,15.50,15.10
Durango CO,="08 - Colorado",15.45,15.51,15.68,15.46,15.08,14.70,14.50,14.90,14.20,14.50,14.30,14.70
Durant OK,40 - Oklahoma,15.66,15.67,15.58,15.49,14.73,14.80,15.00,15.20,15.50,15.60,17.30,15.30
Durham NC,37 - North Carolina,14.20,14.27,14.81,14.43,14.09,13.50,14.00,†,13.90,13.80,13.80,13.60
Dyersburg TN,47 - Tennessee,15.83,16.29,16.76,16.81,16.76,16.90,16.60,17.00,17.10,16.90,†,†
Eagle Pass TX,48 - Texas,16.76,16.78,17.23,16.63,16.29,16.10,16.00,16.20,16.50,17.00,17.50,17.10
East Stroudsburg PA,42 - Pennsylvania,12.97,13.38,12.30,12.07,12.07,12.40,12.70,14.90,14.70,15.40,15.80,16.20
Easton MD,24 - Maryland,14.50,14.69,15.02,14.62,15.21,14.80,15.00,14.90,15.60,15.50,15.90,14.70
Eau Claire WI,55 - Wisconsin,15.18,15.20,15.56,15.57,15.45,15.20,15.50,15.20,14.70,14.10,14.00,14.10
Edwards CO,="08 - Colorado",15.70,16.03,15.20,14.53,13.76,13.70,14.70,14.50,14.30,14.20,14.40,14.30
Effingham IL,17 - Illinois,15.53,11.23,15.36,15.15,15.29,15.20,17.80,17.00,15.70,15.80,15.90,15.90
El Campo TX,48 - Texas,14.18,14.33,14.11,13.30,13.21,13.10,12.90,13.10,13.30,14.00,13.60,13.80
El Centro CA,="06 - California",23.84,24.22,23.36,†,21.27,20.90,18.60,21.00,20.70,20.90,21.10,20.10
El Dorado AR,="05 - Arkansas",12.89,12.96,12.77,12.60,12.41,12.30,11.90,12.10,13.70,12.90,13.50,14.70
El Paso TX,48 - Texas,15.98,16.22,15.98,15.57,15.26,15.10,15.10,15.00,15.40,15.40,15.20,15.40
Elizabeth City NC,37 - North Carolina,14.90,15.19,14.40,14.60,14.38,13.50,13.40,†,13.80,13.60,13.60,13.40
Elizabethtown KY,21 - Kentucky,16.69,†,†,16.16,21.99,16.50,16.00,16.10,15.80,15.80,15.60,16.20
Elk City OK,40 - Oklahoma,16.02,16.23,16.08,15.39,15.02,14.70,15.20,14.20,†,†,†,†
Elkhart-Goshen IN,18 - Indiana,17.65,17.56,17.32,17.36,16.75,17.40,17.60,†,18.00,17.80,17.80,17.60
Elkins WV,54 - West Virginia,13.60,†,†,†,†,†,†,†,†,†,†,†
Elko NV,32 - Nevada,17.50,17.64,17.33,16.20,16.36,16.10,15.90,†,16.10,†,14.70,16.40
Ellensburg WA,53 - Washington,†,†,†,†,20.96,†,†,17.70,18.00,†,17.80,†
Elmira NY,36 - New York,16.00,15.78,14.58,13.36,13.17,13.30,11.10,12.30,12.90,14.30,†,13.00
Emporia KS,20 - Kansas,12.56,12.65,11.48,12.92,11.82,11.50,12.70,12.60,13.40,13.80,14.00,13.90
Enid OK,40 - Oklahoma,16.41,15.71,16.09,15.77,15.05,15.00,15.10,14.30,14.70,15.40,17.10,15.30
Enterprise-Ozark AL,="01 - Alabama",15.64,16.08,17.06,16.14,16.96,15.80,15.40,15.70,15.60,15.20,15.20,15.80
Erie PA,42 - Pennsylvania,14.72,15.00,14.86,13.86,14.52,15.20,15.60,15.30,15.20,15.40,15.70,16.20
Escanaba MI,26 - Michigan,19.63,18.80,20.57,18.47,18.67,19.00,19.10,19.10,18.40,18.20,18.00,18.00
Espanola NM,59 - Bureau of Indian Education,13.99,14.28,15.10,14.32,14.27,13.50,†,14.90,14.00,15.00,15.10,15.20
Eufaula AL-GA,="01 - Alabama",16.51,14.85,15.16,14.45,14.47,15.20,13.80,15.10,†,†,†,†
Eugene-Springfield OR,41 - Oregon,22.50,23.16,22.68,21.84,20.52,19.90,20.30,21.00,19.80,21.20,22.10,21.80
Eureka-Arcata-Fortuna CA,="06 - California",20.84,19.98,19.59,†,18.51,19.20,14.80,18.20,18.50,18.90,18.70,18.50
Evanston WY,56 - Wyoming,12.31,†,9.32,†,12.76,12.50,12.50,12.80,12.80,13.10,12.90,13.30
Evansville IN-KY,21 - Kentucky,15.39,15.60,15.86,16.66,16.57,16.40,16.40,†,16.60,16.50,16.70,16.60
Fairbanks AK,="02 - Alaska",18.26,17.87,17.61,17.65,18.06,18.20,18.00,18.60,18.90,19.20,18.60,17.70
Fairfield IA,19 - Iowa,14.85,†,†,†,†,†,†,†,†,†,†,†
Fairmont MN,27 - Minnesota,15.25,15.86,16.18,14.92,14.87,14.70,15.60,15.60,15.40,15.70,15.30,15.00
Fairmont WV,54 - West Virginia,14.44,15.10,14.72,14.29,13.77,14.50,13.40,14.70,14.10,14.10,13.60,14.30
Fallon NV,32 - Nevada,19.53,17.84,18.00,19.24,18.19,18.20,17.30,16.70,17.20,†,15.10,17.00
Fargo ND-MN,27 - Minnesota,13.75,14.44,14.22,14.32,14.10,14.40,14.70,15.00,15.40,15.60,15.60,15.70
Faribault-Northfield MN,27 - Minnesota,15.11,15.07,15.16,15.52,15.83,16.20,16.40,16.00,16.10,15.60,14.90,14.90
Farmington MO,29 - Missouri,15.02,15.26,15.15,14.57,14.58,14.90,14.90,15.20,14.90,15.00,15.20,14.90
Farmington NM,35 - New Mexico,16.30,15.75,15.80,15.92,15.22,14.80,14.60,14.90,14.80,15.10,15.10,15.40
Fayetteville NC,63 - DOD (Overseas Domestic),14.56,14.79,14.94,14.60,14.61,14.40,14.60,†,13.70,14.00,14.60,14.50
Fayetteville-Springdale-Rogers AR-MO,="05 - Arkansas",15.04,15.29,15.44,15.42,14.55,14.30,14.10,14.10,15.80,15.40,16.30,16.50
Fergus Falls MN,27 - Minnesota,15.12,14.89,14.89,15.49,15.84,15.80,15.40,15.40,15.60,15.20,14.70,15.20
Fernley NV,32 - Nevada,16.93,17.03,17.68,16.99,17.27,17.10,17.20,16.90,†,†,†,†
Findlay OH,39 - Ohio,16.75,16.47,16.89,16.32,16.18,16.00,16.30,15.90,15.40,15.50,15.70,15.50
Fitzgerald GA,13 - Georgia,15.27,15.67,†,15.63,14.68,15.00,14.50,14.80,14.70,15.00,†,15.30
Flagstaff AZ,="04 - Arizona",18.53,†,†,†,16.74,15.60,†,†,†,†,†,†
Flint MI,26 - Michigan,19.01,18.75,18.45,17.99,18.60,18.40,18.50,19.20,19.50,19.60,19.30,18.90
Florence SC,45 - South Carolina,15.75,16.01,16.36,16.17,15.67,15.80,15.20,10.10,14.90,15.40,15.20,15.10
Florence-Muscle Shoals AL,="01 - Alabama",14.57,†,16.51,14.96,16.09,15.80,15.00,15.40,†,†,†,†
Fond du Lac WI,55 - Wisconsin,15.79,15.87,15.85,15.42,15.24,15.40,15.60,15.40,15.40,14.20,14.90,14.80
Forest City NC,37 - North Carolina,15.79,16.72,17.06,16.00,15.42,14.90,14.90,†,15.40,15.20,15.20,14.80
Forrest City AR,="05 - Arkansas",14.30,14.23,14.09,13.61,12.31,14.00,13.90,13.80,14.10,13.60,15.10,15.40
Fort Collins-Loveland CO,="08 - Colorado",17.85,17.81,18.09,17.74,17.05,17.20,17.30,17.90,17.20,17.00,17.20,16.90
Fort Dodge IA,19 - Iowa,14.63,14.16,13.58,13.58,12.34,12.70,9.20,12.40,12.50,13.10,13.30,12.70
Fort Leonard Wood MO,29 - Missouri,13.75,14.48,14.10,14.39,15.61,14.00,14.10,14.70,14.30,14.60,14.90,14.50
Fort Madison-Keokuk IA-MO,19 - Iowa,15.62,14.08,13.70,13.45,13.27,13.40,13.20,13.40,†,†,†,†
Fort Morgan CO,="08 - Colorado",15.68,15.47,15.63,15.38,14.77,14.60,14.50,15.10,14.90,15.10,15.20,15.20
Fort Payne AL,="01 - Alabama",13.71,14.07,14.80,†,14.82,15.40,15.40,16.00,†,†,†,†
Fort Polk South LA,22 - Louisiana,22.19,15.08,15.55,15.28,15.41,15.50,15.90,14.50,14.20,14.50,14.80,14.50
Fort Smith AR-OK,="05 - Arkansas",14.84,14.82,14.99,15.04,14.22,14.30,14.00,13.90,15.00,14.60,15.40,15.00
Fort Wayne IN,18 - Indiana,17.98,16.87,17.06,18.42,17.81,17.40,17.70,†,18.00,18.00,18.30,17.80
Frankfort IN,18 - Indiana,16.15,15.47,15.06,16.36,15.42,15.20,16.10,†,16.90,16.70,17.00,16.60
Frankfort KY,21 - Kentucky,16.65,17.05,17.05,15.95,20.90,16.30,15.90,15.90,15.70,16.40,16.40,16.50
Fredericksburg TX,48 - Texas,13.04,13.35,13.01,13.44,13.65,13.00,13.10,13.00,†,†,†,†
Freeport IL,17 - Illinois,22.02,11.61,13.00,13.55,13.54,14.10,16.20,14.60,14.50,14.80,14.90,14.40
Fremont NE,31 - Nebraska,14.11,14.37,14.39,13.72,13.89,14.00,14.20,14.50,14.30,14.80,15.10,14.80
Fremont OH,39 - Ohio,16.04,18.14,18.24,16.24,16.12,18.50,19.30,17.80,18.80,17.90,18.10,15.60
Fresno CA,="06 - California",24.30,24.15,23.88,†,20.46,20.20,17.80,20.70,20.80,20.70,20.80,20.70
Gadsden AL,="01 - Alabama",15.54,†,15.28,15.14,15.46,15.90,15.70,16.00,15.40,14.60,14.40,15.90
Gaffney SC,45 - South Carolina,14.90,15.52,16.24,15.58,15.89,15.60,14.50,10.20,14.30,14.70,14.50,15.00
Gainesville FL,12 - Florida,15.74,†,†,14.74,15.54,12.50,†,16.90,16.80,16.70,17.00,16.90
Gainesville GA,13 - Georgia,16.11,16.14,15.81,15.49,14.91,13.80,14.20,14.50,15.00,15.20,16.10,16.20
Gainesville TX,48 - Texas,13.67,13.55,13.36,12.61,13.24,12.20,12.50,12.60,13.10,13.10,13.20,12.80
Galesburg IL,17 - Illinois,14.64,9.04,16.10,16.21,15.63,15.70,15.80,14.60,15.40,15.50,15.00,14.60
Gallup NM,59 - Bureau of Indian Education,14.94,14.33,†,†,13.97,13.80,†,12.20,†,†,†,†
Garden City KS,20 - Kansas,13.45,13.05,12.58,13.49,12.85,13.50,14.00,11.80,14.60,15.30,15.40,15.60
Gardnerville Ranchos NV,32 - Nevada,19.37,20.27,20.02,18.64,18.77,18.10,18.10,18.10,17.20,23.50,17.30,18.50
Georgetown SC,45 - South Carolina,14.65,14.46,14.99,14.81,15.11,14.60,14.30,10.70,14.20,14.40,14.40,13.60
Gettysburg PA,42 - Pennsylvania,15.17,15.07,15.16,15.01,15.12,14.90,14.80,16.10,16.30,16.60,16.60,16.80
Gillette WY,56 - Wyoming,13.25,†,13.47,†,14.05,13.50,13.00,13.90,13.10,12.90,13.60,13.70
Glasgow KY,21 - Kentucky,16.48,15.14,16.59,16.31,20.37,16.60,16.60,16.10,16.20,15.60,15.70,15.20
Glens Falls NY,36 - New York,11.32,12.32,11.90,11.69,11.45,11.50,10.40,11.00,11.30,12.80,†,11.90
Glenwood Springs CO,="08 - Colorado",15.30,†,†,†,†,†,†,†,†,†,†,†
Gloversville NY,36 - New York,14.10,14.51,15.13,13.96,14.44,13.90,14.10,12.50,12.50,13.70,†,†
Goldsboro NC,37 - North Carolina,15.72,15.53,16.01,15.34,15.19,14.30,14.40,†,14.20,14.20,14.50,13.80
Grand Forks ND-MN,38 - North Dakota,12.81,12.78,12.55,12.61,12.49,12.50,12.60,12.90,13.10,13.30,13.60,13.70
Grand Island NE,31 - Nebraska,13.50,14.19,14.28,13.54,13.62,13.80,13.70,14.10,14.10,14.30,14.40,14.40
Grand Junction CO,="08 - Colorado",17.57,18.03,17.89,17.01,17.46,17.60,17.50,17.80,17.70,17.20,17.10,17.00
Grand Rapids-Wyoming MI,26 - Michigan,18.46,18.38,18.80,17.91,17.77,17.60,17.30,18.10,17.60,17.60,18.00,17.90
Grants Pass OR,41 - Oregon,23.47,23.83,24.28,23.04,22.65,21.90,22.00,21.80,23.00,23.30,22.10,20.80
Grants NM,35 - New Mexico,14.81,†,†,†,14.33,12.90,13.70,16.40,13.40,14.40,14.80,14.90
Great Bend KS,20 - Kansas,12.67,12.61,12.00,13.23,12.65,11.80,14.10,10.50,12.60,13.40,13.90,13.40
Great Falls MT,30 - Montana,14.20,13.72,13.82,13.23,13.54,13.80,14.00,14.10,14.80,14.50,14.50,15.10
Greeley CO,="08 - Colorado",17.22,17.30,17.37,17.40,16.28,16.40,16.10,16.20,16.10,16.00,15.80,15.70
Green Bay WI,55 - Wisconsin,14.66,14.74,14.92,14.68,14.68,14.50,14.30,14.40,14.10,14.40,14.40,14.50
Greeneville TN,47 - Tennessee,15.75,16.05,16.32,16.10,15.99,16.30,16.20,16.80,16.30,16.40,†,†
Greenfield Town MA,25 - Massachusetts,12.16,†,†,†,†,†,†,†,†,†,†,†
Greensboro-High Point NC,37 - North Carolina,14.86,15.30,15.40,15.17,15.05,14.40,14.80,†,15.20,15.20,14.80,14.80
Greensburg IN,18 - Indiana,14.77,14.54,14.99,17.03,16.48,16.80,16.90,†,17.30,17.10,16.70,16.90
Greenville MS,28 - Mississippi,15.15,16.38,16.12,16.34,16.24,15.80,14.90,15.20,15.90,15.60,14.50,18.80
Greenville NC,37 - North Carolina,14.57,14.67,15.06,14.83,14.95,14.30,14.00,†,15.10,13.90,14.80,15.10
Greenville OH,39 - Ohio,15.42,15.09,14.67,14.95,16.65,16.70,16.80,15.40,16.30,15.60,15.50,15.90
Greenville SC,45 - South Carolina,16.58,17.05,17.13,17.70,16.53,15.90,15.90,11.60,16.50,17.00,17.20,16.20
Greenwood MS,28 - Mississippi,14.91,15.05,15.16,15.67,14.63,14.50,13.90,14.50,14.90,15.20,15.20,15.40
Greenwood SC,45 - South Carolina,16.73,17.58,17.13,17.13,16.27,14.20,14.50,9.20,14.80,15.40,15.70,14.70
Grenada MS,28 - Mississippi,18.17,†,18.39,19.41,18.65,17.90,18.70,18.60,18.40,20.00,16.70,18.00
Gulfport-Biloxi MS,28 - Mississippi,15.99,16.50,16.15,16.50,15.65,15.60,15.30,15.60,15.40,16.60,15.40,15.40
Guymon OK,40 - Oklahoma,14.78,14.11,14.11,14.17,14.22,14.20,14.00,14.10,13.70,13.70,15.30,13.30
Hagerstown-Martinsburg MD-WV,24 - Maryland,14.72,15.16,14.97,13.96,14.35,14.80,14.90,15.20,15.20,15.40,15.30,15.10
Hailey ID,16 - Idaho,12.91,†,†,†,†,†,†,†,†,†,†,†
Hammond LA,22 - Louisiana,16.48,16.73,16.85,16.63,16.43,16.20,17.10,17.20,17.70,17.40,17.50,16.90
Hanford-Corcoran CA,="06 - California",22.85,22.92,22.36,†,21.04,20.30,17.70,20.50,20.20,20.30,20.50,20.30
Hannibal MO,29 - Missouri,13.29,13.80,13.18,13.06,12.05,12.60,13.10,13.70,13.60,13.50,13.70,13.80
Harrisburg IL,17 - Illinois,27.81,†,14.96,15.34,14.94,15.60,18.50,15.60,15.30,15.50,15.60,14.80
Harrisburg-Carlisle PA,42 - Pennsylvania,14.70,14.65,14.22,13.84,13.27,13.00,13.30,14.60,14.70,14.60,14.70,14.70
Harrison AR,="05 - Arkansas",12.49,12.87,12.86,12.74,10.84,10.80,11.00,10.90,12.80,13.10,13.90,14.30
Harrisonburg VA,51 - Virginia,13.89,13.87,14.35,15.31,15.31,15.10,15.30,12.20,12.70,12.80,12.20,10.90
Hartford-West Hartford-East Hartford CT,="09 - Connecticut",12.59,12.71,12.91,13.01,13.22,11.90,13.20,14.50,15.10,15.40,13.50,13.30
Hastings NE,31 - Nebraska,12.70,†,†,12.55,12.41,13.20,12.40,12.00,12.80,13.00,13.30,13.00
Hattiesburg MS,28 - Mississippi,14.63,14.45,14.55,14.58,13.98,14.10,14.10,14.30,15.20,14.90,13.60,15.20
Havre MT,30 - Montana,14.09,14.39,14.96,14.35,13.98,13.70,13.30,13.90,14.40,14.00,14.20,13.80
Hays KS,20 - Kansas,15.05,13.33,13.85,14.71,13.76,13.80,13.70,12.30,12.30,12.30,12.40,12.70
Heber UT,49 - Utah,21.03,21.29,20.50,19.89,21.58,23.40,21.10,19.00,†,†,†,†
Helena MT,30 - Montana,15.59,15.61,15.46,15.30,15.30,15.40,15.30,15.90,15.70,15.90,16.20,16.70
Helena-West Helena AR,="05 - Arkansas",12.86,13.32,13.16,12.35,12.08,13.40,13.00,†,†,†,†,†
Henderson NC,37 - North Carolina,13.59,14.36,14.15,13.76,13.55,14.00,14.10,†,13.90,14.50,14.70,15.40
Hereford TX,48 - Texas,14.36,14.55,14.24,13.97,13.65,13.50,13.90,13.40,13.90,14.40,14.30,14.40
Hermiston-Pendleton OR,41 - Oregon,19.94,†,†,†,†,†,†,†,†,†,†,†
Hickory-Morganton-Lenoir NC,37 - North Carolina,15.38,15.53,15.97,15.46,15.31,14.60,14.60,†,14.30,14.00,14.10,14.50
Hillsdale MI,26 - Michigan,17.02,†,†,†,†,†,†,†,†,†,†,†
Hilton Head Island-Beaufort SC,45 - South Carolina,14.59,14.64,14.95,14.65,14.29,14.60,14.30,11.50,14.20,14.70,14.30,14.50
Hinesville-Fort Stewart GA,13 - Georgia,16.39,16.47,16.43,16.76,15.29,16.20,16.40,15.90,15.60,15.90,†,16.30
Hobbs NM,35 - New Mexico,17.46,17.71,17.27,16.75,15.94,16.10,15.80,16.50,15.70,15.60,16.20,16.30
Holland MI,26 - Michigan,18.88,†,†,†,†,†,†,†,†,†,†,†
Homosassa Springs FL,12 - Florida,14.16,13.68,14.51,14.00,14.40,12.70,14.20,15.70,15.70,16.00,16.00,16.00
Hood River OR,41 - Oregon,19.31,18.99,19.06,17.37,17.35,16.40,16.40,15.30,17.80,19.00,18.20,17.80
Hope AR,="05 - Arkansas",12.90,12.96,13.49,13.27,11.73,12.00,12.00,12.30,13.00,13.00,13.20,13.60
Hot Springs AR,="05 - Arkansas",14.61,14.94,14.64,14.35,13.04,13.50,13.20,13.30,15.00,14.60,15.40,15.40
Houghton MI,26 - Michigan,16.62,17.23,16.92,17.02,16.92,17.00,16.60,16.90,16.60,16.20,16.70,†
Houma-Bayou Cane-Thibodaux LA,22 - Louisiana,16.54,16.38,15.39,14.57,13.65,13.60,13.70,13.80,13.80,13.90,13.50,13.50
Houston-Baytown-Sugar Land TX,48 - Texas,16.53,16.59,16.59,15.71,15.41,15.40,15.30,15.60,16.00,15.90,15.80,15.70
Hudson NY,36 - New York,11.84,12.14,12.24,11.66,10.99,11.40,11.90,12.30,12.40,13.20,†,†
Humboldt TN,47 - Tennessee,15.65,15.28,15.64,15.86,15.62,15.90,15.20,16.60,†,†,†,†
Huntingdon PA,42 - Pennsylvania,13.41,13.88,13.10,12.10,12.01,12.70,12.70,13.30,12.60,12.80,13.80,14.10
Huntington IN,18 - Indiana,16.09,15.85,16.65,16.80,15.95,16.70,16.50,†,17.60,16.80,16.50,16.60
Huntington-Ashland WV-KY-OH,21 - Kentucky,15.11,15.46,15.53,14.78,15.75,15.80,15.60,15.40,15.40,15.40,15.40,15.30
Huntsville AL,="01 - Alabama",16.75,14.93,15.43,14.96,15.47,15.60,15.00,15.50,15.40,14.90,15.40,16.10
Huntsville TX,48 - Texas,14.25,14.55,14.47,14.02,14.14,14.40,13.80,14.40,14.90,15.40,15.20,14.50
Huron SD,46 - South Dakota,15.07,15.62,15.63,15.49,14.66,15.90,15.30,14.90,13.80,14.40,13.40,13.60
Hutchinson KS,20 - Kansas,13.60,†,11.27,14.62,14.08,13.20,14.50,11.60,13.60,14.50,14.80,14.30
Hutchinson MN,27 - Minnesota,16.26,16.35,16.02,16.40,16.20,16.60,17.60,16.50,15.90,15.70,16.00,16.00
Idaho Falls ID,16 - Idaho,18.73,20.60,†,18.88,19.70,19.70,19.80,19.50,19.40,19.10,19.30,19.40
Indiana PA,42 - Pennsylvania,13.49,13.54,13.39,13.09,12.83,13.40,13.60,13.90,13.80,13.70,14.20,14.20
Indianapolis IN,18 - Indiana,18.10,17.73,17.94,19.19,17.98,17.60,17.60,†,17.80,17.30,17.60,17.40
Indianola MS,28 - Mississippi,14.86,14.41,14.57,14.15,14.64,14.70,15.90,15.60,16.90,17.00,15.80,15.70
Ionia MI,26 - Michigan,18.58,†,†,†,†,†,†,†,†,†,†,†
Iowa City IA,19 - Iowa,15.11,15.10,15.39,15.04,15.02,15.00,14.90,14.50,14.20,14.10,14.20,14.80
Iron Mountain MI-WI,55 - Wisconsin,17.35,16.76,17.26,16.39,16.67,15.90,17.70,18.50,16.60,16.60,16.60,18.60
Ithaca NY,36 - New York,10.52,11.45,11.91,11.12,11.71,11.80,11.00,11.40,11.40,12.20,†,11.90
Jackson MI,26 - Michigan,17.43,17.91,17.90,16.86,16.99,17.50,16.90,17.60,17.60,18.30,20.70,†
Jackson MS,28 - Mississippi,15.88,16.23,15.87,16.68,15.49,16.10,16.10,16.20,17.10,16.90,15.90,16.20
Jackson OH,39 - Ohio,15.99,†,†,†,†,†,†,†,†,†,†,†
Jackson TN,47 - Tennessee,15.43,15.11,15.60,14.66,14.88,15.20,15.60,16.30,16.20,15.60,†,†
Jackson WY-ID,16 - Idaho,14.42,†,13.43,†,14.01,13.70,14.10,†,13.90,14.50,15.00,15.00
Jacksonville FL,12 - Florida,16.32,16.46,16.67,15.95,16.14,15.00,15.90,16.50,16.90,16.80,18.30,18.40
Jacksonville IL,17 - Illinois,13.38,10.85,13.33,13.44,13.17,13.60,15.90,14.80,14.40,13.80,13.80,13.60
Jacksonville NC,37 - North Carolina,15.94,16.54,17.92,16.27,16.71,15.50,15.70,†,15.60,15.10,14.60,14.50
Jacksonville TX,48 - Texas,13.85,13.71,13.62,13.13,13.25,13.20,13.30,13.50,13.20,13.30,13.20,12.70
Jamestown ND,38 - North Dakota,9.94,†,10.75,11.06,10.17,11.50,11.60,11.00,11.60,12.20,13.20,12.90
Jamestown-Dunkirk-Fredonia NY,36 - New York,12.38,12.28,12.16,11.32,11.34,11.60,11.60,11.90,12.20,12.40,†,12.50
Janesville WI,55 - Wisconsin,14.73,14.90,14.74,14.50,14.82,14.60,14.60,14.70,14.50,14.60,14.40,14.30
Jasper IN,18 - Indiana,17.53,18.17,17.20,18.22,18.32,18.10,18.60,†,18.80,18.70,18.60,18.60
Jefferson City MO,29 - Missouri,12.34,12.38,12.30,12.19,11.92,12.10,12.10,12.80,11.90,12.10,11.90,9.10
Jefferson GA,13 - Georgia,15.52,†,†,†,†,†,†,†,†,†,†,†
Jennings LA,22 - Louisiana,15.83,15.28,15.89,15.49,15.27,15.60,15.50,15.30,15.70,15.70,15.80,16.00
Jesup GA,13 - Georgia,15.96,16.08,15.81,15.89,14.57,14.60,15.20,15.90,15.20,16.30,17.40,16.50
Johnson City TN,47 - Tennessee,15.10,15.22,15.13,14.99,14.85,14.90,15.10,15.50,16.10,15.80,†,†
Johnstown PA,42 - Pennsylvania,14.03,14.43,14.09,13.90,13.78,14.70,14.30,15.20,14.50,14.40,14.90,14.80
Jonesboro AR,="05 - Arkansas",13.95,13.97,13.76,13.87,12.78,12.00,11.60,11.90,14.10,14.70,15.00,15.30
Joplin MO,29 - Missouri,14.55,14.80,14.54,14.88,14.40,14.90,14.90,16.10,15.40,15.70,15.80,15.10
Junction City KS,20 - Kansas,12.62,†,†,†,†,†,†,†,†,†,†,†
Juneau AK,="02 - Alaska",16.00,16.60,15.43,15.33,14.78,14.90,15.60,16.10,16.70,17.50,18.30,18.40
Kalamazoo-Portage MI,26 - Michigan,17.77,17.54,17.65,17.04,16.84,16.70,16.60,16.90,16.80,17.10,16.60,17.30
Kalispell MT,30 - Montana,15.31,15.46,15.79,15.27,14.89,15.30,15.50,16.20,16.20,16.70,16.70,16.80
Kankakee-Bradley IL,17 - Illinois,18.83,14.36,15.79,15.56,15.70,16.20,19.00,17.60,17.50,16.80,16.90,16.50
Kansas City MO-KS,20 - Kansas,15.07,15.30,14.63,15.24,14.81,14.30,14.50,14.20,14.60,14.80,15.30,14.90
Kearney NE,31 - Nebraska,13.47,13.60,13.75,13.40,13.48,13.60,13.60,13.60,13.60,13.70,13.80,13.80
Keene NH,33 - New Hampshire,11.42,11.33,11.05,11.10,11.37,11.40,11.70,12.30,12.30,12.70,12.50,12.60
Kendallville IN,18 - Indiana,16.10,16.57,16.27,18.20,17.73,17.20,16.90,†,17.40,17.30,17.10,17.20
Kennett MO,29 - Missouri,13.70,14.41,13.75,13.38,12.27,12.80,12.70,†,13.40,13.30,14.30,14.10
Kennewick-Richland-Pasco WA,53 - Washington,†,20.57,20.66,20.01,20.34,20.50,19.90,19.80,19.80,19.30,19.50,19.10
Kerrville TX,48 - Texas,14.96,14.58,14.35,13.91,13.52,13.60,13.30,13.40,13.60,13.60,13.50,13.80
Ketchikan AK,="02 - Alaska",14.86,15.29,15.24,14.89,14.70,13.80,15.00,15.50,17.10,15.90,†,18.20
Key West-Marathon FL,12 - Florida,16.42,†,†,14.75,12.70,12.20,12.50,13.70,14.00,†,†,†
Kill Devil Hills NC,37 - North Carolina,12.67,13.24,13.04,12.66,12.83,11.90,12.50,†,12.50,13.40,14.10,13.90
Killeen-Temple-Fort Hood TX,48 - Texas,14.85,15.04,14.67,14.30,14.30,13.90,14.20,14.40,14.20,13.80,14.20,14.20
Kingsport-Bristol TN-VA,51 - Virginia,14.86,15.21,14.84,15.20,15.12,15.40,14.90,14.40,14.80,15.10,†,†
Kingston NY,36 - New York,13.33,13.89,13.45,12.77,13.29,13.30,13.00,13.30,13.60,14.30,†,14.10
Kingsville TX,48 - Texas,13.28,13.77,14.26,13.93,13.85,13.80,13.50,13.70,13.30,13.70,13.90,13.50
Kinston NC,37 - North Carolina,15.96,15.73,16.13,15.77,15.50,15.40,14.50,†,13.50,13.50,14.00,13.60
Kirksville MO,29 - Missouri,11.84,12.63,12.21,12.18,12.12,12.30,12.70,13.20,13.20,13.10,13.30,13.40
Klamath Falls OR,41 - Oregon,19.08,20.87,21.73,19.90,20.23,19.50,19.20,18.40,21.50,18.50,19.80,19.20
Knoxville TN,47 - Tennessee,15.67,15.55,15.61,15.22,15.01,15.10,15.70,16.70,16.30,16.20,†,†
Kodiak AK,="02 - Alaska",16.11,15.07,14.44,14.16,14.18,14.80,14.20,14.70,15.30,15.80,15.90,14.90
Kokomo IN,18 - Indiana,16.35,16.40,16.08,16.04,15.48,16.10,16.00,†,16.20,15.80,15.70,15.90
La Crosse WI-MN,27 - Minnesota,14.14,14.57,14.54,14.25,14.03,13.50,14.00,14.00,14.00,14.10,14.00,14.00
La Grande OR,41 - Oregon,18.45,18.72,18.19,18.14,17.57,17.00,17.60,16.50,17.70,16.60,17.30,17.40
Laconia NH,33 - New Hampshire,11.68,11.69,11.81,11.70,11.99,12.10,12.40,12.60,11.50,11.80,12.20,12.70
Lafayette LA,22 - Louisiana,16.00,16.41,16.10,15.45,14.85,14.60,14.80,15.20,14.90,14.90,14.50,14.70
Lafayette-West Lafayette IN,18 - Indiana,17.76,†,†,†,†,†,†,†,†,†,†,†
LaGrange GA,13 - Georgia,16.19,15.72,14.83,14.25,14.14,14.50,14.80,15.00,15.10,15.50,15.30,14.30
Lake Charles LA,22 - Louisiana,13.87,14.04,14.03,13.79,13.26,13.40,14.00,14.40,13.80,14.70,14.90,15.00
Lake City FL,12 - Florida,14.61,†,†,†,14.67,13.90,14.70,15.20,15.70,15.90,16.30,16.70
Lake Havasu City-Kingman AZ,="04 - Arizona",25.89,†,†,†,22.72,†,†,†,†,†,†,†
Lakeland-Winter Haven FL,12 - Florida,15.90,15.16,14.80,14.65,14.82,12.50,14.40,14.30,14.50,15.00,15.60,16.20
Lamesa TX,48 - Texas,12.53,12.65,12.35,11.66,11.55,11.50,12.00,11.80,12.20,12.30,12.90,12.80
Lancaster PA,42 - Pennsylvania,14.92,15.21,14.93,14.41,14.53,14.90,14.90,16.10,16.20,15.80,16.30,16.70
Lansing-East Lansing MI,26 - Michigan,18.00,17.93,18.02,17.47,17.30,17.30,17.40,17.70,17.60,17.60,21.40,†
Laramie WY,56 - Wyoming,10.85,†,11.20,†,11.56,11.20,11.30,11.50,11.30,11.40,11.70,11.30
Laredo TX,48 - Texas,17.16,16.97,16.71,16.01,15.79,15.80,16.00,16.00,16.00,16.10,16.10,15.80
Las Cruces NM,35 - New Mexico,15.69,15.78,16.15,15.61,15.85,15.00,15.10,15.30,15.20,15.50,15.40,15.60
Las Vegas NM,35 - New Mexico,14.56,13.97,14.49,14.97,14.08,13.50,13.20,14.30,13.40,13.50,13.60,14.20
Las Vegas-Paradise NV,32 - Nevada,20.92,22.04,21.04,20.49,20.37,20.30,19.40,19.80,20.10,31.80,18.10,20.20
Laurel MS,28 - Mississippi,15.41,15.86,15.46,15.76,14.47,15.30,14.80,15.20,15.60,15.10,14.40,14.60
Laurinburg NC,37 - North Carolina,14.19,13.61,†,13.18,13.09,12.20,12.90,†,11.40,12.10,12.30,12.30
Lawrence KS,20 - Kansas,14.25,†,14.43,14.71,14.44,13.70,14.70,12.40,13.80,14.30,14.50,13.80
Lawrenceburg TN,47 - Tennessee,15.25,15.35,15.14,15.38,14.96,15.30,14.90,16.20,16.50,15.50,†,†
Lawton OK,40 - Oklahoma,15.96,15.94,15.63,15.33,15.06,15.00,15.00,15.30,15.30,15.90,17.50,16.10
Lebanon MO,29 - Missouri,14.83,14.99,14.90,14.96,14.73,15.60,15.90,16.10,16.50,16.80,17.30,16.80
Lebanon PA,42 - Pennsylvania,15.32,15.77,15.33,14.89,14.71,15.00,14.90,16.50,15.70,16.10,16.30,16.80
Levelland TX,48 - Texas,11.87,11.82,11.77,11.30,11.17,11.40,11.70,11.80,11.70,11.70,11.90,11.60
Lewisburg PA,42 - Pennsylvania,13.15,13.97,12.77,12.32,12.33,13.30,13.60,14.60,14.10,14.30,15.90,16.40
Lewisburg TN,47 - Tennessee,15.86,15.52,14.66,14.42,15.43,15.70,16.60,17.20,†,†,†,†
Lewiston ID-WA,16 - Idaho,27.36,16.94,14.83,16.26,17.43,17.10,17.30,17.20,17.20,17.60,17.70,17.40
Lewiston-Auburn ME,23 - Maine,12.33,12.44,12.75,12.84,12.11,12.50,12.20,12.00,†,†,†,†
Lewistown PA,42 - Pennsylvania,14.69,15.12,14.94,12.89,12.37,12.70,13.00,14.80,13.90,14.20,14.30,14.70
Lexington NE,31 - Nebraska,13.56,13.39,13.37,13.50,13.47,13.60,13.70,13.60,13.90,13.90,14.60,14.50
Lexington-Fayette KY,21 - Kentucky,15.30,15.41,15.42,15.45,18.26,15.60,15.40,14.80,15.00,14.90,14.50,14.50
Liberal KS,20 - Kansas,13.98,14.48,14.34,14.52,14.45,14.70,14.60,13.00,14.50,14.70,15.50,15.70
Lima OH,39 - Ohio,16.60,17.93,17.41,15.32,15.80,17.40,17.90,17.40,17.10,16.80,17.30,15.70
Lincoln IL,17 - Illinois,22.29,†,12.98,12.72,12.12,12.50,14.60,13.00,12.90,12.50,12.80,12.80
Lincoln NE,31 - Nebraska,13.92,14.26,14.60,14.15,13.83,14.00,13.80,13.90,14.00,14.20,14.00,13.90
Little Rock-North Little Rock AR,="05 - Arkansas",15.09,15.33,15.19,14.83,13.76,14.00,13.40,13.90,14.80,14.50,15.30,15.30
Lock Haven PA,42 - Pennsylvania,12.90,†,12.92,12.60,12.37,10.60,12.90,15.00,12.40,12.20,13.10,13.10
Logan UT-ID,16 - Idaho,24.00,23.83,23.68,23.63,23.58,25.50,22.30,21.20,19.40,20.10,21.10,21.10
Logan WV,54 - West Virginia,14.33,†,†,†,†,†,†,†,†,†,†,†
Logansport IN,18 - Indiana,16.80,16.18,15.47,15.54,16.34,19.40,19.70,†,20.50,20.20,20.10,19.30
London KY,21 - Kentucky,16.08,17.71,19.22,18.77,22.19,18.40,19.20,18.60,18.40,18.60,19.00,22.50
Longview TX,48 - Texas,14.10,14.32,14.43,13.58,13.24,13.50,13.40,13.50,13.70,13.70,13.70,13.60
Longview-Kelso WA,53 - Washington,†,20.48,20.51,20.68,20.65,19.00,19.30,19.70,20.10,20.30,20.30,20.10
Los Alamos NM,35 - New Mexico,13.80,13.84,14.22,13.81,13.38,12.90,12.70,13.90,14.20,14.30,14.60,14.60
Los Angeles-Long Beach-Anaheim CA,="06 - California",25.22,†,†,†,†,†,†,†,†,†,†,†
Louisville KY-IN,18 - Indiana,17.51,16.58,17.17,16.60,20.27,16.80,16.70,†,16.90,17.00,16.90,17.70
Lubbock TX,48 - Texas,14.19,14.50,14.20,13.98,13.45,13.40,13.20,13.50,†,13.70,13.70,13.90
Ludington MI,26 - Michigan,19.41,†,†,†,†,†,†,†,†,†,†,†
Lufkin TX,48 - Texas,13.95,14.16,14.34,13.90,13.89,13.90,13.70,13.70,14.00,14.20,13.70,13.50
Lumberton NC,37 - North Carolina,15.41,16.49,17.06,15.76,16.15,15.80,15.50,†,15.60,15.70,15.80,15.50
Lynchburg VA,51 - Virginia,15.07,15.26,14.84,16.71,16.15,16.30,16.10,12.70,13.70,14.00,13.90,12.30
Macomb IL,17 - Illinois,13.67,12.07,13.39,13.49,13.22,13.50,16.30,†,†,†,†,†
Macon GA,13 - Georgia,15.38,15.84,15.95,15.39,15.07,15.50,15.50,15.60,15.90,16.40,17.70,17.60
Madera CA,="06 - California",24.45,24.02,23.54,†,21.38,20.90,18.00,20.40,20.30,21.50,20.70,20.30
Madison IN,18 - Indiana,17.88,16.75,15.93,18.09,16.04,16.60,17.20,†,17.00,17.60,17.60,17.40
Madison WI,55 - Wisconsin,13.91,13.97,14.53,14.02,13.81,13.80,13.60,13.50,13.00,12.80,13.10,13.30
Madisonville KY,21 - Kentucky,15.25,15.08,15.92,15.30,19.86,15.70,15.60,14.20,14.80,15.00,15.30,15.90
Magnolia AR,="05 - Arkansas",12.44,12.93,12.90,12.88,10.32,12.00,11.80,12.30,14.00,13.80,13.20,14.20
Malone NY,36 - New York,11.35,11.98,12.05,11.71,11.35,11.60,10.60,11.20,11.40,†,†,†
Malvern AR,="05 - Arkansas",13.10,†,†,†,†,†,†,†,†,†,†,†
Manchester-Nashua NH,33 - New Hampshire,13.90,13.98,13.89,14.09,14.13,13.80,14.10,14.30,†,†,†,†
Manhattan KS,20 - Kansas,13.00,12.73,10.66,14.24,13.87,13.20,14.40,11.20,13.30,13.80,13.60,13.90
Manitowoc WI,55 - Wisconsin,14.65,14.75,14.42,14.21,14.39,14.40,14.30,14.30,14.20,14.00,14.30,15.00
Mankato-North Mankato MN,27 - Minnesota,15.63,15.50,15.92,16.08,16.12,15.60,15.80,15.90,16.40,15.90,15.60,16.10
Mansfield OH,39 - Ohio,14.42,15.38,15.50,14.13,14.11,16.10,17.30,15.70,15.50,15.60,15.90,14.20
Marble Falls TX,48 - Texas,14.92,14.91,15.10,14.23,13.71,†,†,†,†,†,†,†
Marietta OH,39 - Ohio,15.61,†,†,†,†,†,†,†,†,†,†,†
Marinette WI-MI,55 - Wisconsin,15.10,15.19,14.96,15.04,15.09,15.20,15.00,15.20,14.70,15.10,15.50,15.60
Marion IN,18 - Indiana,16.03,16.41,16.90,18.09,17.17,18.00,17.20,†,16.40,15.70,16.10,16.00
Marion NC,37 - North Carolina,14.48,†,†,†,†,†,†,†,†,†,†,†
Marion OH,39 - Ohio,16.01,18.11,19.21,16.11,16.02,17.90,16.20,14.60,12.80,12.90,16.30,14.70
Marquette MI,26 - Michigan,16.58,17.20,16.83,16.35,16.54,16.30,16.70,16.90,16.80,17.00,17.00,16.90
Marshall MN,27 - Minnesota,12.53,12.62,12.77,12.77,12.89,13.20,13.40,13.40,13.60,13.70,13.30,13.40
Marshall MO,29 - Missouri,12.62,12.38,12.15,12.38,11.95,12.80,12.40,13.00,12.20,12.40,12.40,12.00
Marshall TX,48 - Texas,14.07,13.86,13.67,12.74,12.57,12.50,12.70,13.30,13.60,13.60,13.50,13.60
Marshalltown IA,19 - Iowa,14.08,13.93,14.55,14.28,15.45,14.60,14.80,15.90,15.30,15.40,15.10,14.60
Martin TN,47 - Tennessee,15.17,14.92,14.78,14.13,15.10,15.30,15.20,16.20,†,†,†,†
Martinsville VA,51 - Virginia,15.27,16.11,15.17,18.82,17.70,17.30,17.50,13.00,12.90,†,12.20,10.50
Maryville MO,29 - Missouri,10.71,11.38,11.02,10.72,10.66,11.00,10.70,10.90,10.80,11.00,11.10,10.60
Mason City IA,19 - Iowa,14.57,14.68,14.28,14.56,13.65,13.60,13.70,13.80,13.10,13.30,13.00,13.20
Mayfield KY,21 - Kentucky,17.27,16.90,16.70,16.61,18.11,16.30,16.10,15.20,15.50,16.50,17.10,17.10
Maysville KY,21 - Kentucky,16.00,16.14,16.55,16.13,19.00,15.00,15.40,15.00,15.10,15.30,15.30,15.20
McAlester OK,40 - Oklahoma,15.31,15.14,14.90,15.26,13.92,14.90,14.10,14.10,14.30,14.60,16.70,14.70
McAllen-Edinburg-Pharr TX,48 - Texas,15.82,15.92,15.94,15.58,15.33,15.20,15.30,15.60,15.70,15.70,15.70,15.50
McComb MS,28 - Mississippi,15.42,16.00,15.70,15.93,14.92,15.90,16.10,15.50,17.50,16.10,14.60,14.90
McMinnville TN,47 - Tennessee,13.95,14.10,13.97,14.35,14.63,15.60,15.50,16.00,16.10,15.60,†,†
McPherson KS,20 - Kansas,12.77,†,12.06,13.82,13.37,13.10,17.40,11.00,12.90,12.70,13.10,14.40
Meadville PA,42 - Pennsylvania,13.93,14.59,14.01,12.90,13.31,13.70,13.90,14.30,14.30,14.70,15.40,15.40
Medford OR,41 - Oregon,23.25,23.30,23.05,22.39,22.67,22.20,21.00,20.40,21.10,23.20,23.10,22.60
Memphis TN-MS-AR,="05 - Arkansas",16.38,16.34,16.33,16.12,16.32,16.40,16.80,17.20,17.70,17.40,†,†
Menomonie WI,55 - Wisconsin,16.14,16.49,16.22,15.44,15.45,16.00,15.20,15.00,14.50,14.40,14.70,15.40
Merced CA,="06 - California",23.23,23.94,23.70,†,21.22,20.80,17.90,20.50,20.70,20.80,21.10,20.40
Meridian MS,28 - Mississippi,15.03,15.37,15.15,15.19,14.43,14.50,15.00,15.40,16.20,16.10,15.20,16.40
Merrill WI,55 - Wisconsin,17.05,16.81,15.35,15.30,15.23,15.20,15.10,15.20,14.80,14.70,14.80,14.70
Mexico MO,29 - Missouri,12.48,13.84,13.02,13.17,13.09,13.90,14.00,13.70,14.30,14.20,14.60,14.30
Miami OK,40 - Oklahoma,15.62,15.61,15.55,15.97,15.17,14.60,15.10,15.50,15.50,15.80,18.70,15.50
Miami-Fort Lauderdale-Miami Beach FL,18 - Indiana,16.71,16.49,16.74,16.29,16.07,14.00,15.20,16.30,16.50,17.00,18.50,18.80
Michigan City-La Porte IN,18 - Indiana,18.14,17.13,16.35,18.18,17.31,17.30,18.10,†,16.80,16.50,16.30,15.90
Middlesborough KY,21 - Kentucky,15.40,†,†,14.40,17.40,14.20,14.20,13.50,14.20,14.20,14.70,14.90
Midland MI,26 - Michigan,17.64,18.18,18.70,17.64,18.30,18.20,18.10,18.30,17.10,19.00,18.50,†
Midland TX,48 - Texas,15.32,16.24,16.28,15.14,15.02,15.70,15.10,14.70,14.90,15.30,15.40,14.90
Milledgeville GA,13 - Georgia,15.23,14.92,15.03,14.59,12.57,13.60,13.80,13.90,13.40,14.40,†,15.40
Milwaukee-Waukesha-West Allis WI,55 - Wisconsin,17.39,17.26,17.98,16.68,16.76,16.20,16.50,16.30,16.00,15.30,15.60,15.40
Mineral Wells TX,48 - Texas,13.16,13.44,13.72,12.77,12.53,12.60,12.50,12.70,12.90,13.40,12.90,12.80
Minneapolis-St. Paul-Bloomington MN-WI,27 - Minnesota,16.50,16.68,16.81,16.82,16.81,16.80,17.20,17.20,†,†,17.20,17.10
Minot ND,38 - North Dakota,12.65,12.66,12.35,12.66,12.29,12.00,12.10,12.70,12.80,12.90,13.20,13.40
Missoula MT,30 - Montana,15.45,15.79,15.84,15.45,15.10,15.30,15.20,15.60,16.20,16.40,16.20,15.80
Mitchell SD,46 - South Dakota,14.32,14.44,14.19,13.45,13.15,13.10,12.90,12.90,13.30,15.10,13.50,13.60
Moberly MO,29 - Missouri,12.52,12.77,12.19,12.38,12.08,13.00,13.60,13.40,13.40,13.80,14.00,13.30
Mobile AL,="01 - Alabama",17.36,†,16.05,15.44,17.12,16.00,15.30,15.60,15.90,15.60,15.40,15.90
Modesto CA,="06 - California",24.04,23.98,23.44,†,21.87,21.20,18.30,21.00,21.10,21.30,21.20,21.20
Monroe LA,22 - Louisiana,15.68,15.79,14.73,14.86,14.49,14.60,14.50,15.40,15.30,15.20,14.50,14.30
Monroe MI,26 - Michigan,18.67,18.97,18.94,19.11,18.99,18.30,18.10,18.50,17.60,17.60,19.40,†
Montgomery AL,="01 - Alabama",17.70,†,17.45,16.81,41.01,15.80,15.40,16.00,15.80,15.60,15.70,16.00
Montrose CO,="08 - Colorado",17.38,17.54,18.72,17.18,17.09,16.60,16.10,16.70,15.80,16.40,16.30,16.90
Morehead City NC,37 - North Carolina,12.99,13.64,14.21,13.65,13.33,12.60,12.70,†,11.90,11.70,11.70,11.70
Morgan City LA,22 - Louisiana,15.03,14.42,13.59,13.73,13.43,13.10,13.80,13.90,14.70,14.10,14.10,14.50
Morgantown WV,54 - West Virginia,15.11,15.39,15.22,14.49,14.40,15.00,15.30,15.30,15.20,14.90,14.80,15.20
Morristown TN,47 - Tennessee,16.00,16.04,15.96,15.82,15.73,15.90,16.30,16.80,16.70,16.50,†,†
Moscow ID,16 - Idaho,19.12,17.00,15.55,15.91,16.90,16.10,16.80,17.90,17.60,16.80,14.90,14.50
Moses Lake WA,53 - Washington,†,18.93,19.28,18.66,18.60,18.30,18.30,18.40,18.60,18.60,18.60,18.50
Moultrie GA,13 - Georgia,15.78,15.53,15.30,14.98,14.64,14.70,15.00,14.70,15.30,15.40,17.80,17.40
Mount Airy NC,37 - North Carolina,15.08,15.27,15.12,14.84,14.43,14.40,14.30,†,14.60,14.80,14.80,14.40
Mount Pleasant MI,26 - Michigan,17.23,16.75,16.45,16.96,17.42,16.60,17.60,17.50,17.50,17.60,17.20,†
Mount Pleasant TX,48 - Texas,13.81,13.82,13.43,12.64,12.84,12.60,13.00,13.30,13.20,13.60,13.60,13.10
Mount Sterling KY,21 - Kentucky,15.69,15.36,15.78,15.61,19.54,16.00,15.70,15.30,15.50,15.40,15.30,15.60
Mount Vernon IL,17 - Illinois,27.37,†,15.31,15.23,14.72,14.10,18.00,15.60,15.10,15.00,15.20,15.10
Mount Vernon OH,39 - Ohio,13.66,17.21,17.53,15.06,15.13,18.00,18.50,15.30,16.80,17.60,18.10,15.60
Mount Vernon-Anacortes WA,53 - Washington,†,19.61,19.56,19.51,19.71,19.40,†,†,19.50,19.40,19.60,19.10
Mountain Home AR,="05 - Arkansas",13.44,13.26,13.40,13.24,13.56,12.20,11.90,12.50,14.60,14.60,16.00,16.00
Mountain Home ID,16 - Idaho,20.96,17.55,16.71,†,18.10,17.40,16.90,18.20,16.20,16.30,17.90,17.30
Muncie IN,18 - Indiana,16.23,15.71,15.83,16.41,15.73,15.70,15.90,†,15.50,15.20,15.30,14.90
Murray KY,21 - Kentucky,15.64,†,†,15.47,20.00,16.30,15.50,15.90,15.50,14.70,15.50,15.20
Muscatine IA,19 - Iowa,13.70,13.39,13.41,13.63,13.02,13.00,12.50,13.50,12.80,13.40,13.10,14.00
Muskegon-Norton Shores MI,26 - Michigan,17.72,17.67,18.00,17.39,17.92,17.70,17.70,18.50,17.80,18.30,18.00,18.30
Muskogee OK,40 - Oklahoma,16.54,16.45,16.06,16.03,15.99,16.00,16.30,16.10,15.70,16.20,18.10,16.00
Myrtle Beach-Conway-North Myrtle Beach SC,37 - North Carolina,15.96,16.13,16.17,16.29,15.96,15.80,15.80,11.00,15.60,16.00,15.30,15.40
Nacogdoches TX,48 - Texas,13.83,13.75,13.95,13.39,13.22,13.30,13.50,†,13.90,14.10,14.10,13.50
Napa CA,="06 - California",23.47,22.98,22.70,†,20.54,19.20,15.90,19.50,19.60,19.80,20.00,19.80
Naples-Marco Island FL,12 - Florida,15.13,14.89,14.98,15.45,15.33,14.30,15.00,15.90,16.70,16.50,17.20,17.20
Nashville-Davidson--Murfreesboro TN,47 - Tennessee,15.52,15.46,15.70,15.29,15.28,15.30,15.70,16.10,16.30,16.00,†,†
Natchez MS-LA,22 - Louisiana,15.82,16.20,15.45,15.78,15.08,14.60,15.20,15.80,17.70,15.80,14.40,14.80
Natchitoches LA,22 - Louisiana,14.50,14.01,14.01,13.82,13.61,13.90,16.40,18.90,14.80,14.10,13.90,14.20
New Bern NC,37 - North Carolina,14.67,15.04,15.49,15.13,14.71,14.20,14.20,†,13.50,14.00,14.10,13.40
New Castle IN,18 - Indiana,14.76,14.56,14.64,16.07,15.11,15.30,15.80,†,15.90,16.40,16.30,15.60
New Castle PA,42 - Pennsylvania,14.47,14.30,14.65,14.00,13.92,14.40,14.40,15.00,15.50,15.90,16.00,16.30
New Haven-Milford CT,="09 - Connecticut",12.98,13.08,13.22,13.35,13.51,12.30,13.60,15.20,†,†,†,†
New Orleans-Metairie-Kenner LA,22 - Louisiana,14.12,15.14,14.75,14.64,13.77,13.90,13.60,14.40,14.20,15.40,14.80,15.70
New Philadelphia-Dover OH,39 - Ohio,17.95,18.10,17.47,17.67,17.33,18.40,18.40,15.70,16.80,15.70,16.90,16.80
New Ulm MN,27 - Minnesota,13.62,14.23,14.68,14.20,14.07,14.10,14.90,14.80,14.90,14.60,14.10,14.40
New York-Newark-Edison NY-NJ-PA,36 - New York,13.46,13.67,13.63,14.09,13.80,13.00,14.10,13.40,13.60,13.60,†,†
Newberry SC,45 - South Carolina,14.21,14.95,14.98,13.53,14.27,14.50,14.50,9.80,13.80,13.40,14.00,13.10
Newport OR,41 - Oregon,19.23,†,†,†,†,†,†,†,†,†,†,†
Newport TN,47 - Tennessee,14.36,14.10,14.32,13.90,14.16,15.00,15.30,15.20,15.70,15.70,†,†
Newton IA,19 - Iowa,13.72,14.06,13.76,14.04,13.08,13.30,14.20,13.20,12.90,12.60,12.80,13.10
Niles-Benton Harbor MI,26 - Michigan,17.50,17.70,17.35,17.20,16.50,16.40,16.40,17.00,16.60,16.70,19.60,17.40
Nogales AZ,="04 - Arizona",20.85,†,†,18.76,20.08,18.40,19.40,20.40,18.50,18.40,18.60,19.40
Norfolk NE,31 - Nebraska,13.69,13.76,13.32,12.95,12.90,12.80,12.60,12.50,12.80,13.00,13.30,13.60
North Platte NE,31 - Nebraska,13.40,13.69,13.73,13.73,12.90,13.30,13.10,13.40,13.20,13.70,13.60,13.30
North Port-Bradenton-Sarasota FL,12 - Florida,15.47,14.44,15.12,15.66,15.71,†,†,†,†,†,†,†
North Vernon IN,18 - Indiana,17.16,16.25,15.69,16.30,16.33,17.30,17.10,†,18.40,18.60,19.00,17.90
North Wilkesboro NC,37 - North Carolina,15.87,16.35,17.07,16.65,16.48,15.00,15.70,†,14.50,14.40,13.40,13.30
Norwalk OH,39 - Ohio,17.87,17.38,16.89,16.82,16.77,17.60,18.80,16.20,17.50,17.30,18.30,17.90
Norwich-New London CT,="09 - Connecticut",12.43,12.69,12.69,12.81,12.98,12.00,13.20,14.80,†,†,†,†
Oak Harbor WA,53 - Washington,†,21.11,†,21.07,20.51,19.70,19.80,19.10,19.30,18.80,†,†
Ocala FL,12 - Florida,17.11,16.10,15.88,15.25,15.47,14.10,15.40,16.30,17.10,16.70,17.40,†
Ocean City NJ,34 - New Jersey,10.70,10.86,10.67,12.48,12.10,10.40,13.80,11.10,11.70,11.00,11.30,11.40
Odessa TX,48 - Texas,17.68,17.42,17.02,16.20,16.19,16.30,15.60,16.00,15.40,15.60,15.70,15.20
Ogden-Clearfield UT,49 - Utah,23.93,23.64,23.83,24.38,24.15,26.70,23.70,21.80,20.50,21.70,21.00,22.40
Ogdensburg-Massena NY,36 - New York,13.10,14.10,13.84,12.71,13.14,12.90,11.60,12.20,12.20,13.50,†,11.90
Oil City PA,42 - Pennsylvania,13.20,13.88,13.27,12.85,13.10,13.50,13.70,14.90,14.10,14.30,15.20,15.50
Okeechobee FL,12 - Florida,16.25,15.98,16.23,16.19,16.96,14.40,16.00,17.20,17.30,17.30,18.70,†
Oklahoma City OK,40 - Oklahoma,17.28,16.99,16.84,16.89,16.16,16.30,16.30,16.50,16.60,17.30,18.00,16.20
Olean NY,36 - New York,10.84,12.50,12.17,11.80,12.16,12.40,10.90,11.20,11.60,13.40,†,12.20
Olympia WA,53 - Washington,†,20.27,20.24,19.43,19.69,19.90,19.30,19.20,20.10,19.20,19.00,18.80
Omaha-Council Bluffs NE-IA,19 - Iowa,15.29,15.61,15.07,14.58,14.39,14.50,14.50,14.70,14.80,14.70,14.90,14.80
Oneonta NY,36 - New York,11.95,11.91,11.72,11.12,11.31,11.40,11.60,11.90,12.10,12.20,†,12.40
Ontario OR-ID,41 - Oregon,19.60,19.10,17.62,16.53,16.82,16.40,16.50,15.80,16.80,16.60,16.90,17.40
Opelousas-Eunice LA,22 - Louisiana,16.87,16.22,15.24,14.57,13.91,14.10,15.10,15.10,15.80,14.70,14.80,14.70
Orangeburg SC,45 - South Carolina,15.06,15.25,15.47,15.73,14.99,14.90,14.40,10.10,14.10,14.50,14.20,14.20
Orlando FL,12 - Florida,15.04,16.40,16.90,15.46,15.68,15.50,16.00,16.50,16.50,16.70,17.40,17.00
Oshkosh-Neenah WI,55 - Wisconsin,14.98,15.39,16.68,15.41,15.08,14.70,14.70,14.70,14.80,15.00,15.20,15.20
Oskaloosa IA,19 - Iowa,15.38,14.83,14.64,14.27,14.58,13.50,13.50,14.60,13.50,13.70,14.40,14.80
Othello WA,53 - Washington,†,†,†,†,†,†,†,†,†,†,†,†
Ottawa KS,20 - Kansas,12.63,†,†,†,†,†,†,†,†,†,†,†
Ottawa-Streator IL,17 - Illinois,17.03,†,14.37,14.29,14.49,14.30,17.30,16.00,14.80,14.50,14.40,14.00
Ottumwa IA,19 - Iowa,14.83,14.70,14.53,14.71,14.05,15.20,15.00,15.10,14.40,14.00,15.10,15.40
Owatonna MN,27 - Minnesota,17.02,17.14,17.51,17.63,17.27,16.70,16.90,17.30,†,†,16.80,16.90
Owensboro KY,21 - Kentucky,16.43,16.16,15.90,15.43,22.11,15.30,15.30,14.50,15.10,15.70,15.70,15.40
Owosso MI,26 - Michigan,18.91,18.56,19.33,18.05,18.07,17.80,18.70,19.20,18.60,18.70,18.90,18.80
Oxford MS,28 - Mississippi,15.46,15.42,14.78,15.14,13.71,13.60,14.10,14.70,15.20,14.60,13.20,14.10
Oxford NC,37 - North Carolina,16.39,†,†,†,†,†,†,†,†,†,†,†
Oxnard-Thousand Oaks-Ventura CA,="06 - California",24.91,24.76,24.26,†,23.21,22.20,19.40,22.30,22.00,22.50,22.60,22.10
Ozark AL,="01 - Alabama",15.60,†,†,†,†,†,†,†,†,†,†,†
Paducah KY-IL,17 - Illinois,16.48,16.20,16.88,16.82,18.92,17.00,16.90,16.60,16.50,16.30,16.80,17.20
Pahrump NV,59 - Bureau of Indian Education,19.31,20.14,20.41,18.51,17.31,†,†,17.60,17.10,†,15.70,15.40
Palatka FL,12 - Florida,16.71,16.70,17.28,16.68,17.72,16.00,15.30,17.30,17.70,16.90,16.80,16.80
Palestine TX,48 - Texas,12.27,12.75,13.03,12.55,12.51,12.50,12.70,13.00,13.10,13.10,13.00,13.30
Palm Bay-Melbourne-Titusville FL,12 - Florida,14.87,14.52,14.90,14.59,14.93,13.90,15.40,15.80,16.10,16.00,16.60,17.20
Pampa TX,48 - Texas,13.07,12.87,13.32,12.17,12.39,12.40,12.70,12.70,13.00,13.30,13.10,12.70
Panama City-Lynn Haven FL,12 - Florida,15.06,14.85,15.51,15.08,16.08,13.00,15.10,15.60,15.80,15.70,17.10,16.70
Paragould AR,="05 - Arkansas",14.83,14.77,14.52,14.58,13.28,12.70,12.60,12.30,14.50,14.60,15.80,15.80
Paris TN,47 - Tennessee,15.07,14.94,15.01,14.88,14.90,15.00,14.70,15.40,16.40,15.90,†,†
Paris TX,48 - Texas,11.70,11.73,11.82,11.78,11.92,12.20,12.20,12.60,12.90,13.10,13.30,13.40
Parkersburg-Marietta WV-OH,54 - West Virginia,14.48,15.48,15.50,14.80,14.74,15.90,15.90,15.60,15.90,15.70,15.40,15.40
Parsons KS,20 - Kansas,13.54,14.00,8.88,13.36,12.63,14.10,14.20,12.30,14.40,14.60,15.00,15.30
Pascagoula MS,28 - Mississippi,15.57,15.46,14.85,14.86,14.23,15.00,15.00,15.20,15.10,16.40,15.80,17.00
Payson AZ,="04 - Arizona",18.07,†,†,18.06,17.46,16.30,16.40,16.30,16.30,16.00,16.10,16.10
Pecos TX,48 - Texas,13.35,13.29,12.06,11.72,11.85,12.50,12.30,12.50,13.10,13.80,14.00,13.60
Pella IA,19 - Iowa,14.21,14.28,14.52,14.45,14.77,14.40,14.70,14.90,†,†,†,†
Pensacola-Ferry Pass-Brent FL,12 - Florida,14.91,15.14,13.47,12.96,14.25,12.50,13.30,15.50,15.70,16.20,17.30,18.20
Peoria IL,17 - Illinois,16.95,12.92,15.53,15.67,15.47,15.50,18.20,16.60,15.70,15.60,15.50,15.10
Peru IN,18 - Indiana,18.34,17.77,16.65,18.41,17.61,17.90,16.80,†,17.00,16.60,16.30,16.50
Philadelphia-Camden-Wilmington PA-NJ-DE-MD,10 - Delaware,14.67,14.31,14.29,14.57,14.38,14.00,14.40,15.20,15.20,15.40,15.60,15.80
Phoenix-Mesa-Scottsdale AZ,="04 - Arizona",23.55,†,†,†,21.28,†,†,†,†,†,†,†
Picayune MS,28 - Mississippi,15.25,16.34,15.70,15.84,14.98,15.80,16.60,16.40,16.80,16.70,14.30,14.80
Pierre Part LA,22 - Louisiana,15.43,15.00,14.87,14.53,13.70,13.80,14.10,14.50,14.90,14.20,13.90,14.40
Pierre SD,46 - South Dakota,14.66,15.33,15.00,15.19,13.73,15.70,14.80,15.00,15.00,15.40,15.70,16.80
Pine Bluff AR,="05 - Arkansas",14.12,13.83,14.00,14.23,12.93,13.40,13.10,13.00,15.10,14.90,15.40,15.30
Pinehurst-Southern Pines NC,37 - North Carolina,16.01,†,†,†,†,†,†,†,†,†,†,†
Pittsburg KS,20 - Kansas,13.07,13.71,12.60,13.64,13.56,14.60,14.80,12.60,14.30,14.60,14.30,14.50
Pittsburgh PA,39 - Ohio,14.66,14.87,14.61,14.21,14.22,14.80,14.50,15.30,15.00,15.10,15.50,15.70
Pittsfield MA,25 - Massachusetts,11.55,11.75,12.03,12.10,11.94,11.80,12.00,11.80,†,†,†,†
Plainview TX,48 - Texas,14.11,13.70,13.58,13.32,13.50,13.40,12.90,13.30,13.40,13.60,13.80,13.40
Platteville WI,55 - Wisconsin,12.94,13.32,13.18,13.08,12.88,12.70,12.80,12.90,12.90,13.00,13.10,12.90
Plattsburgh NY,36 - New York,10.86,11.65,11.31,10.80,10.97,11.40,10.60,11.40,11.60,12.80,†,12.10
Plymouth IN,18 - Indiana,16.30,15.96,16.68,18.49,18.31,18.10,18.50,†,19.10,19.00,18.80,18.60
Pocatello ID,59 - Bureau of Indian Education,19.60,19.06,18.66,18.45,18.86,19.20,18.70,18.90,18.80,18.60,18.80,18.40
Point Pleasant WV-OH,39 - Ohio,14.54,16.48,15.95,14.54,13.56,15.80,16.30,16.50,15.80,15.50,15.30,14.60
Ponca City OK,40 - Oklahoma,16.14,16.01,16.26,15.86,15.23,15.30,15.30,15.20,15.30,15.50,17.80,16.10
Pontiac IL,17 - Illinois,29.80,†,14.16,13.46,12.98,13.30,16.10,15.00,14.50,14.60,14.30,14.40
Poplar Bluff MO,29 - Missouri,14.86,15.49,15.14,14.78,13.98,14.80,14.80,15.30,15.20,15.70,16.10,15.80
Port Angeles WA,59 - Bureau of Indian Education,†,20.03,†,20.36,23.72,17.10,17.30,17.70,†,19.30,18.40,18.00
Port Clinton OH,39 - Ohio,16.35,†,†,†,†,†,†,†,†,†,†,†
Port Lavaca TX,48 - Texas,15.78,†,†,†,†,†,†,†,†,†,†,†
Port St. Lucie-Fort Pierce FL,12 - Florida,17.14,†,†,15.30,17.00,14.00,16.80,18.10,18.20,18.20,18.80,16.10
Portales NM,35 - New Mexico,14.31,13.88,14.52,14.66,14.38,13.30,14.00,14.20,14.10,14.80,15.10,14.90
Portland-South Portland ME,23 - Maine,12.25,12.65,12.32,12.24,12.00,12.60,12.20,12.20,10.80,11.20,12.60,12.50
Portland-Vancouver-Beaverton OR-WA,41 - Oregon,28.96,21.65,21.17,20.26,20.12,19.30,19.40,18.80,20.10,20.10,20.60,20.70
Portsmouth OH,39 - Ohio,16.74,17.05,16.50,15.64,15.64,17.00,17.50,16.50,16.70,16.60,16.70,15.00
Pottsville PA,42 - Pennsylvania,13.40,13.65,13.22,13.63,13.73,14.40,14.70,15.00,14.90,16.30,16.70,17.40
Prescott AZ,="04 - Arizona",22.64,†,†,†,21.57,†,†,†,†,†,†,†
Price UT,49 - Utah,19.27,19.63,19.01,19.45,20.05,26.00,22.20,19.30,17.50,17.30,18.20,19.60
Prineville OR,41 - Oregon,23.64,20.82,23.09,28.23,27.64,20.70,20.50,22.40,21.30,20.60,21.30,20.20
Providence-New Bedford-Fall River RI-MA,44 - Rhode Island,14.42,14.36,13.29,13.63,13.48,13.60,13.70,15.00,11.00,14.50,14.40,†
Provo-Orem UT,49 - Utah,23.88,23.88,23.68,24.12,23.75,30.80,24.60,22.70,20.80,22.80,23.10,23.40
Pueblo CO,="08 - Colorado",17.71,17.80,17.93,18.03,17.65,17.10,17.70,17.10,17.30,16.90,16.80,16.70
Pullman WA,53 - Washington,†,16.63,16.39,16.15,16.53,16.60,16.70,16.50,16.80,15.80,16.00,16.50
Punta Gorda FL,12 - Florida,16.44,16.58,15.56,15.24,16.36,13.60,16.30,17.40,17.60,16.80,18.30,18.50
Quincy IL-MO,17 - Illinois,16.91,†,15.43,14.83,14.62,13.80,16.80,15.50,15.80,15.80,16.30,15.60
Racine WI,55 - Wisconsin,14.74,15.14,15.11,15.18,15.28,15.30,15.60,15.90,15.60,15.30,15.80,15.90
Raleigh-Cary NC,37 - North Carolina,15.45,15.57,15.74,15.72,15.70,14.90,15.00,†,14.10,14.90,14.70,14.40
Rapid City SD,59 - Bureau of Indian Education,14.57,15.30,14.92,14.48,14.98,15.30,14.80,14.90,14.80,15.10,15.20,15.70
Raymondville TX,48 - Texas,13.70,13.86,14.01,13.86,14.16,13.70,13.40,†,13.90,14.30,14.20,14.00
Reading PA,42 - Pennsylvania,14.94,15.27,14.87,14.59,14.49,14.80,14.10,16.30,15.80,15.80,16.30,16.60
Red Bluff CA,="06 - California",21.52,21.52,21.14,†,15.23,19.20,16.50,19.70,19.60,19.70,19.60,18.80
Red Wing MN,27 - Minnesota,15.22,†,15.77,16.04,16.42,16.50,16.60,16.50,17.30,17.20,16.90,16.50
Redding CA,="06 - California",22.38,22.53,21.64,†,20.54,20.00,16.60,19.80,20.60,20.30,20.50,20.00
Reno-Sparks NV,59 - Bureau of Indian Education,20.47,19.99,19.32,18.96,18.86,18.60,18.90,19.20,19.20,†,17.60,19.40
Rexburg ID,16 - Idaho,20.36,19.38,18.73,18.53,18.97,18.90,18.80,18.40,18.50,18.80,18.70,18.50
Richmond IN,18 - Indiana,16.05,15.94,15.12,16.66,15.16,15.40,15.80,†,15.80,16.00,15.80,15.80
Richmond VA,51 - Virginia,16.55,†,†,18.26,17.92,17.90,18.00,13.50,14.00,14.70,14.10,12.80
Richmond-Berea KY,21 - Kentucky,17.24,15.85,15.92,15.89,25.51,15.30,15.60,15.10,†,†,†,†
Rio Grande City TX,48 - Texas,14.11,14.01,14.38,14.23,14.02,13.70,14.00,14.30,14.50,14.70,15.00,14.80
Riverside-San Bernardino-Ontario CA,59 - Bureau of Indian Education,25.32,25.11,24.83,†,22.96,22.30,19.50,22.70,22.30,22.50,22.60,22.00
Riverton WY,56 - Wyoming,11.05,†,8.21,†,11.53,11.60,11.60,11.90,12.40,12.50,12.60,12.60
Roanoke Rapids NC,37 - North Carolina,14.60,15.04,15.03,14.49,14.61,13.30,13.70,†,13.60,13.50,13.90,14.50
Roanoke VA,51 - Virginia,14.61,14.89,14.73,17.25,17.12,16.80,16.70,12.90,12.20,13.30,12.30,11.10
Rochelle IL,17 - Illinois,16.27,11.25,14.82,15.13,14.70,15.10,18.00,16.20,16.60,16.20,15.80,15.10
Rochester MN,27 - Minnesota,16.01,16.33,16.28,16.76,17.26,16.80,16.70,16.70,16.70,16.80,16.60,16.60
Rochester NY,36 - New York,12.36,12.94,13.07,12.08,12.40,12.50,12.00,12.40,12.60,13.20,†,12.70
Rock Springs WY,56 - Wyoming,12.99,†,13.25,†,14.49,13.70,13.90,14.10,14.70,14.80,15.10,13.70
Rockford IL,17 - Illinois,17.11,15.81,16.45,16.57,16.44,16.60,19.70,18.60,18.30,18.30,17.30,17.00
Rockingham NC,37 - North Carolina,15.64,15.71,16.44,15.83,15.54,14.00,14.30,†,13.90,14.00,14.00,14.10
Rockland ME,23 - Maine,9.55,9.61,10.34,10.46,9.80,10.80,10.50,10.80,12.00,12.90,15.00,14.30
Rocky Mount NC,37 - North Carolina,16.74,16.76,16.07,16.07,16.66,15.60,15.90,†,13.80,13.90,14.80,14.00
Rolla MO,29 - Missouri,14.46,14.80,14.65,14.70,14.22,15.10,15.40,15.50,16.00,16.30,16.20,15.70
Rome GA,13 - Georgia,14.91,14.55,14.51,14.52,12.89,13.50,13.70,14.10,14.50,14.50,16.30,15.70
Roseburg OR,41 - Oregon,19.69,19.98,19.67,18.64,18.66,17.80,18.80,17.00,19.00,19.70,20.10,19.10
Roswell NM,35 - New Mexico,16.92,16.68,16.61,16.28,15.96,15.60,14.90,14.30,15.60,16.20,15.30,15.00
Ruidoso NM,35 - New Mexico,14.08,13.82,14.12,14.48,13.76,13.90,13.20,16.70,†,†,†,†
Russellville AR,="05 - Arkansas",13.17,13.47,13.13,13.22,12.24,11.80,11.70,11.80,13.40,13.10,13.90,14.40
Ruston LA,22 - Louisiana,14.54,14.68,†,13.75,13.08,13.60,14.20,12.90,14.20,13.40,13.90,14.00
Rutland VT,50 - Vermont,10.30,10.55,10.61,10.71,10.75,10.70,11.10,11.40,11.50,10.90,11.10,11.30
Sacramento--Arden-Arcade--Roseville CA,="06 - California",23.51,23.58,23.57,†,21.22,20.90,17.70,20.60,20.80,20.90,20.80,20.60
Safford AZ,="04 - Arizona",18.41,†,†,17.43,17.46,†,17.20,†,†,†,16.80,16.90
Saginaw-Saginaw Township North MI,26 - Michigan,18.74,17.87,17.79,18.02,17.49,17.50,17.60,17.80,17.60,18.20,18.40,16.90
Salem OH,39 - Ohio,16.17,†,†,†,†,†,†,†,†,†,†,†
Salem OR,41 - Oregon,22.17,21.53,21.61,20.18,19.96,19.20,19.20,18.20,18.90,19.70,20.60,20.80
Salina KS,20 - Kansas,13.06,12.97,12.77,13.69,13.51,13.10,14.80,12.40,14.30,14.90,14.70,14.60
Salinas CA,="06 - California",23.58,22.97,22.95,†,22.38,20.80,18.00,21.10,21.10,21.10,21.20,20.70
Salisbury MD,10 - Delaware,13.64,13.72,13.53,13.58,13.62,13.40,13.40,13.50,14.00,14.40,14.20,14.60
Salt Lake City UT,49 - Utah,23.11,23.24,22.95,23.63,22.80,24.00,23.60,22.40,20.60,22.10,22.40,22.80
San Angelo TX,48 - Texas,15.03,†,14.44,†,13.76,14.20,14.00,†,†,†,†,†
San Antonio TX,48 - Texas,15.96,16.23,15.98,15.29,15.24,15.10,15.10,15.30,15.40,15.40,15.30,14.90
San Diego-Carlsbad-San Marcos CA,="04 - Arizona",25.10,23.33,23.00,†,21.68,21.20,18.00,20.70,20.70,21.00,20.90,20.80
San Francisco-Oakland-Fremont CA,="06 - California",22.88,22.16,21.80,†,20.13,19.90,16.90,20.10,20.30,20.30,20.30,19.70
San Jose-Sunnyvale-Santa Clara CA,="06 - California",23.55,23.20,22.99,†,21.58,21.10,18.10,20.80,21.10,21.10,21.00,20.30
San Juan-Caguas-Guaynabo PR,63 - DOD (Overseas Domestic),12.69,14.10,13.78,13.00,12.67,13.00,12.70,†,13.40,13.40,13.80,14.10
San Luis Obispo-Paso Robles CA,="06 - California",23.18,22.84,21.81,†,20.33,19.60,17.40,20.00,19.90,19.50,20.20,19.70
Sandpoint ID,16 - Idaho,19.27,†,†,†,†,†,†,†,†,†,†,†
Sandusky OH,39 - Ohio,17.00,16.98,17.07,16.24,16.23,17.20,17.60,15.80,16.90,17.00,16.20,14.70
Sanford NC,37 - North Carolina,15.82,16.13,16.11,16.28,16.33,15.20,15.50,†,12.80,13.60,13.60,14.20
Santa Cruz-Watsonville CA,="06 - California",23.78,24.28,23.12,†,21.99,22.40,18.20,21.40,21.30,21.80,20.60,19.50
Santa Fe NM,35 - New Mexico,14.58,14.32,14.32,14.89,15.65,14.60,15.00,15.70,14.90,14.90,15.40,15.60
Santa Maria-Santa Barbara CA,="06 - California",23.02,†,†,†,†,†,†,†,†,†,†,†
Santa Rosa-Petaluma CA,="06 - California",22.40,21.42,21.39,†,19.94,20.00,16.90,†,20.40,20.50,20.50,19.90
Sault Ste. Marie MI,26 - Michigan,15.37,15.42,15.67,15.51,15.52,15.30,15.40,15.30,15.30,15.70,16.40,†
Savannah GA,13 - Georgia,15.40,15.41,15.03,14.41,13.61,13.60,14.10,14.40,14.30,14.90,16.00,16.70
Sayre PA,42 - Pennsylvania,14.46,14.48,14.06,13.46,13.77,14.10,14.20,15.10,14.70,14.50,15.00,14.80
Scottsbluff NE,31 - Nebraska,13.73,14.14,14.22,13.49,13.21,13.70,14.00,13.60,13.80,13.90,14.00,14.00
Scottsboro AL,="01 - Alabama",14.27,13.13,13.94,13.64,14.01,16.20,14.90,16.30,15.60,13.90,14.80,16.10
Scranton--Wilkes-Barre PA,42 - Pennsylvania,15.11,15.47,14.97,14.62,14.56,15.10,13.30,16.30,15.90,16.10,16.60,16.70
Searcy AR,="05 - Arkansas",14.08,14.05,14.20,13.93,12.64,12.70,12.70,12.70,14.20,14.30,14.90,15.60
Seattle-Tacoma-Bellevue WA,59 - Bureau of Indian Education,†,20.07,20.22,19.91,20.25,19.70,19.70,19.60,19.90,19.90,19.90,19.70
Sebastian-Vero Beach FL,12 - Florida,16.60,†,17.10,16.39,15.28,14.90,16.60,16.50,†,†,†,†
Sebring FL,12 - Florida,15.91,†,†,†,15.88,13.40,15.00,14.90,14.90,15.80,16.40,16.60
Sedalia MO,29 - Missouri,13.18,13.68,13.44,13.18,12.83,12.80,12.90,14.50,13.70,14.20,14.60,13.60
Selinsgrove PA,42 - Pennsylvania,15.27,15.29,14.13,13.41,13.45,13.40,9.10,15.30,15.50,15.30,15.10,15.00
Selma AL,="01 - Alabama",16.60,15.42,16.11,†,16.99,16.50,15.50,16.20,16.10,14.90,16.40,16.10
Seneca Falls NY,36 - New York,12.11,12.00,12.04,11.29,12.72,12.40,12.60,12.60,12.60,13.00,†,13.50
Seneca SC,45 - South Carolina,13.88,14.42,14.54,14.17,14.10,13.20,14.00,9.80,14.40,14.00,14.10,13.70
Sevierville TN,47 - Tennessee,15.05,15.05,14.95,14.92,14.80,15.30,15.60,15.70,16.20,16.10,†,†
Seymour IN,18 - Indiana,20.41,20.89,17.09,18.26,17.13,17.30,17.40,†,17.90,17.40,17.60,17.30
Shawano WI,59 - Bureau of Indian Education,13.20,†,†,†,†,†,†,†,†,†,†,†
Shawnee OK,40 - Oklahoma,15.65,15.48,15.43,15.46,15.32,15.30,15.30,15.00,15.00,15.50,17.10,15.70
Sheboygan WI,55 - Wisconsin,14.90,14.84,15.41,14.81,14.51,14.30,14.40,14.30,14.20,14.40,14.40,14.80
Shelby NC,37 - North Carolina,13.55,14.08,14.54,14.53,14.77,14.00,14.10,†,15.00,15.10,15.30,15.10
Shelbyville TN,47 - Tennessee,15.90,15.94,16.00,15.67,16.24,16.50,17.00,17.40,17.00,16.80,†,†
Shelton WA,53 - Washington,†,17.84,17.83,18.15,17.98,18.00,18.20,18.30,18.80,17.10,18.50,18.30
Sheridan WY,56 - Wyoming,12.34,†,9.65,†,11.64,11.30,11.40,11.40,10.90,10.80,11.20,11.30
Sherman-Denison TX,48 - Texas,13.57,13.62,13.39,12.92,12.81,13.00,13.00,13.10,13.10,13.50,13.50,13.70
Show Low AZ,59 - Bureau of Indian Education,17.53,†,†,†,16.50,†,†,†,†,†,†,†
Shreveport-Bossier City LA,22 - Louisiana,15.99,15.89,15.25,14.68,14.61,14.90,15.10,15.30,15.50,15.50,15.50,15.40
Sidney OH,39 - Ohio,19.30,19.83,20.04,18.97,18.70,19.00,19.00,17.80,17.70,17.60,17.60,17.70
Sierra Vista-Douglas AZ,="04 - Arizona",20.75,†,†,18.10,20.30,†,16.80,17.30,†,†,17.50,17.50
Sikeston MO,29 - Missouri,14.37,14.23,13.83,13.47,13.01,13.50,13.30,14.50,14.20,14.80,14.80,14.90
Silver City NM,35 - New Mexico,14.49,14.53,14.82,14.25,13.79,14.30,14.30,14.70,13.90,13.90,14.10,14.40
Sioux City IA-NE-SD,19 - Iowa,14.48,14.48,14.11,14.03,13.95,13.80,13.60,13.90,14.30,13.90,14.50,14.50
Sioux Falls SD,46 - South Dakota,15.50,15.60,15.58,14.60,14.45,15.40,14.90,15.00,15.10,15.20,15.40,15.80
Snyder TX,48 - Texas,13.37,13.73,13.66,13.26,13.07,†,13.10,†,13.40,13.20,12.80,12.70
Somerset KY,21 - Kentucky,18.57,†,†,15.90,19.82,16.20,16.00,15.70,16.00,16.50,16.60,16.60
Somerset PA,42 - Pennsylvania,12.86,13.33,12.76,12.73,13.96,13.50,12.50,14.30,13.90,14.10,14.60,15.10
Sonora CA,="06 - California",20.56,†,†,†,†,†,†,†,†,†,†,†
South Bend-Mishawaka IN-MI,26 - Michigan,19.13,18.84,16.27,18.01,17.52,17.50,18.60,†,18.10,17.40,17.20,17.20
Spartanburg SC,45 - South Carolina,14.61,14.77,14.92,14.89,14.39,15.40,15.00,10.90,14.20,14.50,14.50,14.60
Spearfish SD,46 - South Dakota,13.12,13.20,12.80,12.73,12.81,13.20,12.40,13.80,13.50,13.80,13.90,14.00
Spencer IA,19 - Iowa,22.54,16.44,14.75,14.19,13.78,13.70,12.70,13.60,13.60,13.20,13.40,13.60
Spirit Lake IA,19 - Iowa,14.66,14.53,14.31,13.87,13.29,13.10,13.10,15.20,13.40,12.80,12.40,12.20
Spokane WA,53 - Washington,†,18.99,19.72,19.63,19.21,19.10,18.90,18.80,19.50,19.20,19.20,19.30
Springfield IL,17 - Illinois,16.84,13.66,14.95,14.70,14.79,15.80,16.70,16.40,15.50,14.90,18.50,17.90
Springfield MA,25 - Massachusetts,12.57,12.55,12.66,12.77,12.64,12.90,12.40,12.20,†,†,†,†
Springfield MO,29 - Missouri,14.43,14.87,14.81,14.84,14.43,14.70,14.80,16.00,15.30,15.60,15.70,15.20
Springfield OH,39 - Ohio,16.94,17.71,17.08,16.94,17.29,18.40,18.90,17.90,18.10,17.10,16.40,15.70
St. Cloud MN,27 - Minnesota,16.01,16.11,16.26,15.85,15.95,16.60,16.80,16.50,†,†,16.20,15.80
St. George UT,49 - Utah,22.39,22.00,22.83,22.36,23.24,30.10,22.10,21.00,19.90,21.60,22.40,22.40
St. Joseph MO-KS,20 - Kansas,13.16,13.17,13.14,13.45,12.96,13.00,13.30,13.70,13.20,13.50,14.20,13.80
St. Louis MO-IL,17 - Illinois,16.06,14.75,15.36,15.25,14.85,15.10,16.00,16.40,15.30,15.20,15.30,15.20
St. Marys GA,13 - Georgia,15.98,15.81,15.93,15.16,14.95,14.20,14.10,13.90,14.70,15.20,16.60,17.70
St. Marys PA,42 - Pennsylvania,13.87,13.86,13.83,13.86,14.21,14.80,15.30,15.60,15.40,15.60,15.80,15.50
Starkville MS,28 - Mississippi,14.86,15.34,15.20,15.79,14.32,15.00,15.40,13.50,15.00,14.80,12.00,12.90
State College PA,42 - Pennsylvania,12.88,13.10,12.88,12.59,12.52,12.90,13.00,13.90,13.60,13.90,14.60,14.90
Statesboro GA,13 - Georgia,15.85,16.80,16.74,15.57,14.19,14.40,14.20,14.60,14.20,14.30,15.00,12.30
Staunton-Waynesboro VA,51 - Virginia,13.11,12.93,13.46,16.26,16.11,15.50,16.20,12.60,12.50,12.70,11.70,11.30
Steamboat Springs CO,="08 - Colorado",13.75,†,†,†,†,†,†,†,†,†,†,†
Stephenville TX,48 - Texas,13.78,13.51,13.95,13.81,13.44,13.50,13.90,13.80,14.00,13.70,14.30,14.30
Sterling CO,="08 - Colorado",14.83,15.33,14.56,14.73,14.38,14.40,14.10,14.30,14.60,14.20,14.80,14.90
Sterling IL,17 - Illinois,17.18,13.78,14.91,15.03,14.94,15.20,17.40,15.80,16.60,16.40,16.30,14.50
Stevens Point WI,55 - Wisconsin,16.42,15.81,16.50,15.80,15.91,15.60,15.00,15.40,15.20,15.00,15.20,14.70
Stillwater OK,40 - Oklahoma,15.72,15.74,16.00,16.03,15.33,15.60,15.70,15.70,15.50,15.70,17.30,16.40
Stockton CA,="06 - California",25.92,24.89,23.62,†,21.36,20.30,18.10,21.00,20.10,21.10,20.70,20.30
Storm Lake IA,19 - Iowa,14.02,13.82,14.23,14.12,13.24,13.80,12.70,12.50,12.70,12.50,12.90,13.10
Sturgis MI,26 - Michigan,17.47,17.31,17.53,17.57,16.64,17.80,17.10,17.80,17.60,17.60,†,17.40
Sulphur Springs TX,48 - Texas,12.77,12.91,12.96,12.52,12.57,12.60,12.60,12.70,12.80,12.90,13.20,13.10
Summerville GA,13 - Georgia,15.63,15.91,15.68,15.57,14.50,14.00,14.50,14.60,14.70,15.00,16.10,15.90
Summit Park UT,49 - Utah,19.77,†,†,†,†,†,†,†,†,†,†,†
Sumter SC,45 - South Carolina,16.95,16.72,17.40,17.14,17.07,17.40,16.60,10.40,15.10,16.50,16.90,15.60
Sunbury PA,42 - Pennsylvania,15.00,15.44,14.94,14.26,13.89,14.40,14.30,15.20,14.80,14.80,15.50,15.60
Susanville CA,="06 - California",22.40,†,†,†,18.45,19.20,16.60,18.80,†,†,†,†
Sweetwater TX,48 - Texas,12.74,12.68,13.04,12.24,11.43,11.80,11.80,11.40,11.80,11.70,11.30,11.70
Syracuse NY,36 - New York,13.38,14.06,13.87,13.00,13.18,13.40,12.80,13.20,13.50,13.80,†,13.50
Tahlequah OK,40 - Oklahoma,15.50,15.25,15.76,15.64,14.55,15.00,14.90,14.30,14.30,14.20,15.70,14.50
Talladega-Sylacauga AL,="01 - Alabama",15.37,†,14.74,13.82,15.11,16.20,15.90,16.70,16.00,14.50,16.10,17.20
Tallahassee FL,12 - Florida,15.42,15.38,†,15.59,15.69,13.40,14.90,16.00,15.80,15.90,16.30,17.30
Tallulah LA,22 - Louisiana,13.96,18.49,16.87,16.40,17.02,17.70,19.50,17.30,18.90,16.10,14.70,15.60
Tampa-St. Petersburg-Clearwater FL,12 - Florida,14.26,14.39,14.58,14.76,15.00,13.60,14.90,17.40,17.10,15.90,17.10,16.80
Taos NM,59 - Bureau of Indian Education,13.68,13.84,14.01,14.07,14.20,14.30,14.70,15.10,13.60,13.80,14.20,13.20
Taylorville IL,17 - Illinois,19.04,14.24,17.51,16.90,17.95,17.80,18.10,16.40,16.90,16.70,16.70,15.70
Terre Haute IN,18 - Indiana,17.03,17.01,16.09,17.77,16.11,16.20,16.30,†,16.50,16.10,16.20,16.00
Texarkana TX-Texarkana AR,="05 - Arkansas",13.07,13.45,13.36,12.75,12.69,12.80,12.70,12.50,13.40,13.60,13.90,13.70
The Dalles OR,41 - Oregon,22.02,19.84,19.55,18.52,18.25,16.60,†,†,†,†,†,†
The Villages FL,12 - Florida,15.51,†,†,15.52,16.16,14.70,15.60,16.60,16.90,16.70,17.30,18.00
Thomaston GA,13 - Georgia,16.11,16.69,16.49,16.50,15.21,15.90,15.80,15.50,15.80,15.90,17.40,18.00
Thomasville GA,13 - Georgia,15.60,15.89,15.63,15.49,15.04,14.80,14.80,14.90,15.50,16.50,17.40,16.10
Tiffin-Fostoria OH,39 - Ohio,18.31,19.08,18.20,16.70,17.69,17.20,19.50,17.70,17.30,17.60,18.10,17.80
Tifton GA,13 - Georgia,15.28,16.07,15.96,15.72,14.85,14.40,14.50,14.80,14.90,15.70,16.40,16.40
Toccoa GA,13 - Georgia,14.12,13.91,13.19,13.09,12.41,†,13.50,13.80,13.60,14.70,14.80,14.50
Toledo OH,39 - Ohio,18.11,18.80,18.87,17.65,16.79,17.20,17.30,18.60,17.10,17.00,16.20,15.30
Topeka KS,20 - Kansas,12.94,13.01,12.47,13.75,13.10,12.80,13.20,11.30,13.00,13.30,13.50,13.90
Torrington CT,="09 - Connecticut",13.14,12.51,12.45,12.80,13.03,12.10,13.20,14.70,15.80,16.50,15.20,14.60
Traverse City MI,26 - Michigan,17.79,17.42,17.44,17.13,16.22,17.40,18.00,18.40,18.10,18.50,17.90,†
Trenton-Ewing NJ,34 - New Jersey,11.63,†,†,12.88,12.66,12.40,†,13.80,13.10,13.40,13.10,13.10
Troy AL,="01 - Alabama",14.91,†,14.39,14.61,15.71,14.80,14.50,15.20,15.10,15.40,15.80,16.30
Truckee-Grass Valley CA,="06 - California",21.39,21.51,20.99,†,20.11,19.70,17.40,19.70,20.20,20.00,20.20,19.60
Tucson AZ,="04 - Arizona",22.24,†,†,†,19.87,†,†,†,†,†,†,†
Tullahoma TN,47 - Tennessee,15.01,14.67,14.75,14.76,14.96,15.10,15.10,16.20,16.10,16.80,†,†
Tulsa OK,40 - Oklahoma,17.00,17.12,17.07,16.81,16.10,16.20,16.30,16.30,16.60,16.90,18.10,16.80
Tupelo MS,28 - Mississippi,14.22,14.60,14.65,14.82,13.87,14.10,14.30,14.70,15.10,15.60,14.30,14.50
Tuscaloosa AL,="01 - Alabama",15.87,14.10,14.95,14.66,15.86,16.20,15.70,15.80,16.00,15.40,15.50,15.90
Tuskegee AL,="01 - Alabama",14.19,13.65,16.40,17.41,21.40,16.10,15.80,15.10,15.40,14.90,15.50,16.80
Twin Falls ID,16 - Idaho,19.88,18.46,17.20,16.41,17.72,17.30,17.60,17.30,17.40,17.30,17.10,17.50
Tyler TX,48 - Texas,14.46,14.65,14.78,13.90,13.93,14.20,14.30,14.20,14.30,14.10,14.00,14.20
Ukiah CA,="06 - California",19.37,18.85,18.89,†,16.84,17.20,14.50,17.00,17.30,17.30,17.50,17.00
Union City TN-KY,47 - Tennessee,14.77,14.37,14.37,14.08,14.63,15.00,15.10,15.40,15.80,15.60,†,†
Urban Honolulu HI,15 - Hawaii,16.30,†,†,†,†,†,†,†,†,†,†,†
Urbana OH,39 - Ohio,19.71,19.05,18.13,17.67,17.86,17.10,15.90,16.50,15.20,14.30,16.80,16.70
Utica-Rome NY,36 - New York,12.85,13.52,13.51,12.44,12.83,14.10,12.10,12.90,13.00,13.70,†,13.30
Uvalde TX,48 - Texas,12.17,13.99,14.24,13.58,13.26,13.10,12.80,13.10,13.50,13.60,13.90,13.90
Valdosta GA,13 - Georgia,15.58,15.40,15.44,15.04,13.99,14.00,14.30,14.40,14.70,15.40,16.00,15.90
Vallejo-Fairfield CA,="06 - California",24.20,23.99,23.50,†,21.66,20.30,17.30,20.30,20.90,21.20,20.80,20.10
Valley AL,="01 - Alabama",15.43,13.85,14.12,14.40,15.68,16.00,15.30,16.00,15.60,13.90,15.20,16.10
Van Wert OH,39 - Ohio,14.44,16.15,16.83,13.93,14.31,17.10,17.40,16.80,16.50,16.30,16.00,13.20
Vermillion SD,46 - South Dakota,13.46,13.68,13.66,13.08,13.33,13.60,13.30,13.10,13.40,13.90,12.90,13.30
Vernal UT,49 - Utah,24.14,23.42,24.33,23.32,24.80,19.80,23.50,21.10,18.50,20.10,20.30,19.30
Vernon TX,48 - Texas,12.83,12.83,13.04,12.49,13.17,12.60,12.40,12.10,11.80,12.20,12.80,12.50
Vicksburg MS,28 - Mississippi,15.01,15.19,15.67,16.12,15.74,16.70,16.70,16.50,17.50,16.70,15.70,21.20
Victoria TX,48 - Texas,14.43,14.90,14.68,14.15,14.57,14.50,14.30,14.70,14.80,14.60,14.70,14.50
Vidalia GA,13 - Georgia,16.76,15.26,14.95,14.65,14.33,13.70,13.80,14.30,†,†,†,†
Vincennes IN,18 - Indiana,16.06,16.63,15.58,16.02,14.62,14.90,15.30,†,15.90,15.90,16.10,15.80
Vineland-Millville-Bridgeton NJ,34 - New Jersey,11.86,12.63,11.53,12.72,11.98,11.30,13.40,11.50,11.30,11.40,11.60,11.60
Vineyard Haven MA,25 - Massachusetts,8.85,†,†,†,†,†,†,†,†,†,†,†
Virginia Beach-Norfolk-Newport News VA-NC,51 - Virginia,16.48,16.29,16.37,17.73,17.54,17.60,17.70,13.60,14.20,14.50,14.40,13.40
Visalia-Porterville CA,="06 - California",24.44,23.91,23.43,†,21.68,21.30,18.70,21.10,21.20,21.30,21.40,20.60
Wabash IN,18 - Indiana,16.05,17.39,15.23,15.50,14.54,16.50,17.10,†,17.50,15.70,16.90,17.00
Waco TX,48 - Texas,14.57,15.04,14.64,13.75,13.90,13.90,13.80,†,14.00,14.40,†,14.40
Wahpeton ND-MN,27 - Minnesota,11.87,12.58,12.67,12.79,10.40,12.80,12.50,13.10,13.10,13.80,13.40,13.30
Walla Walla WA,53 - Washington,†,17.73,17.77,18.06,18.72,17.00,16.90,17.00,16.90,17.00,16.90,†
Walterboro SC,45 - South Carolina,16.38,16.78,21.01,16.99,16.28,17.00,16.00,10.00,15.60,15.60,15.70,15.80
Wapakoneta OH,39 - Ohio,19.75,20.32,19.72,19.47,18.91,18.90,19.60,18.30,18.40,17.40,18.50,18.20
Warner Robins GA,13 - Georgia,15.49,15.26,15.06,15.27,14.42,13.80,13.90,14.10,14.40,14.70,15.30,14.80
Warren PA,42 - Pennsylvania,13.31,13.74,12.26,11.43,11.89,12.50,12.80,14.70,13.90,14.40,14.80,15.30
Warrensburg MO,29 - Missouri,12.83,13.65,13.15,13.11,12.56,12.80,12.80,13.80,13.30,13.60,13.70,13.50
Warsaw IN,18 - Indiana,18.54,19.00,16.56,17.96,17.17,17.50,17.40,†,18.40,18.20,17.90,17.90
Washington Court House OH,39 - Ohio,18.12,17.37,18.06,17.43,17.30,16.10,16.30,†,†,†,†,†
Washington IN,18 - Indiana,19.74,17.37,15.65,16.62,17.12,17.30,17.20,†,17.40,17.50,17.50,18.20
Washington NC,37 - North Carolina,14.19,14.68,14.51,14.26,14.29,14.00,14.10,†,12.80,13.10,13.10,13.10
Washington-Arlington-Alexandria DC-VA-MD-WV,63 - DOD (Overseas Domestic),15.15,15.35,15.34,16.22,16.21,15.90,15.70,13.30,14.30,15.00,14.90,†
Waterloo-Cedar Falls IA,19 - Iowa,13.99,14.03,14.79,14.92,13.74,14.40,14.40,14.20,13.60,13.60,13.50,13.60
Watertown SD,46 - South Dakota,14.65,15.33,15.38,14.25,13.91,15.00,14.20,14.30,13.80,14.20,14.90,14.40
Watertown-Fort Atkinson WI,55 - Wisconsin,15.19,15.38,15.53,15.19,15.00,14.90,14.70,14.70,14.50,14.50,14.40,14.20
Watertown-Fort Drum NY,36 - New York,13.07,14.60,14.89,14.36,13.85,13.90,12.40,12.80,13.00,14.20,†,12.20
Wauchula FL,12 - Florida,16.61,†,14.62,15.03,15.39,14.30,15.10,15.40,15.10,16.00,17.00,17.00
Wausau WI,55 - Wisconsin,15.11,14.90,15.32,14.95,15.01,14.70,14.60,14.80,14.60,14.50,14.60,14.70
Waycross GA,13 - Georgia,15.27,15.55,15.35,15.09,14.29,14.10,14.00,14.00,13.90,14.50,17.30,14.60
Weatherford OK,40 - Oklahoma,16.40,15.81,15.62,15.26,14.54,†,†,†,†,†,†,†
Weirton-Steubenville WV-OH,39 - Ohio,15.07,†,†,†,†,15.50,15.60,15.10,15.50,15.60,15.30,15.20
Wenatchee WA,53 - Washington,†,18.79,18.86,18.82,18.98,18.50,18.30,18.90,18.90,18.60,19.10,18.90
West Plains MO,29 - Missouri,13.45,12.87,13.86,13.72,13.37,13.40,13.40,14.00,14.00,14.30,14.20,14.00
West Point MS,28 - Mississippi,15.93,16.77,16.71,17.87,15.78,16.40,16.80,17.90,†,†,†,†
Wheeling WV-OH,54 - West Virginia,14.43,14.97,15.04,14.37,14.58,15.50,15.40,15.20,15.50,15.40,15.20,14.40
Whitewater WI,55 - Wisconsin,14.19,14.74,14.97,14.58,14.45,14.70,14.70,14.80,14.90,14.10,14.60,14.90
Wichita Falls TX,48 - Texas,13.77,13.48,13.52,12.94,12.93,13.10,13.20,13.40,13.50,13.40,13.40,13.20
Wichita KS,20 - Kansas,15.58,15.11,14.91,15.56,15.42,16.00,16.30,13.80,15.10,15.60,15.80,15.90
Williamsport PA,42 - Pennsylvania,14.30,14.34,13.77,13.31,13.16,13.60,13.80,14.90,14.80,14.40,14.70,15.10
Williston ND,38 - North Dakota,13.41,13.33,13.72,13.33,11.60,12.50,11.80,12.20,11.90,11.90,12.00,11.70
Willmar MN,27 - Minnesota,14.52,14.87,14.56,14.53,15.37,15.20,14.40,14.30,14.40,14.30,14.40,14.70
Wilmington NC,37 - North Carolina,15.37,15.76,16.06,15.68,15.45,15.20,15.10,†,16.40,16.10,15.50,15.30
Wilmington OH,39 - Ohio,19.60,20.23,19.73,18.50,18.08,18.00,18.50,17.70,18.30,18.10,18.10,18.70
Wilson NC,37 - North Carolina,16.70,16.39,16.59,16.01,16.49,15.90,15.90,†,14.10,14.10,24.90,16.90
Winchester VA-WV,51 - Virginia,13.83,13.90,13.82,15.58,15.73,14.20,15.20,12.70,12.90,13.40,13.00,12.00
Winnemucca NV,32 - Nevada,17.59,†,†,†,†,†,†,†,†,†,†,†
Winona MN,27 - Minnesota,13.26,13.46,13.45,13.68,14.09,13.70,14.60,14.80,15.70,15.10,15.20,15.10
Winston-Salem NC,37 - North Carolina,14.83,15.10,15.03,14.27,14.07,14.00,14.00,†,14.50,14.30,14.20,13.70
Wisconsin Rapids-Marshfield WI,55 - Wisconsin,15.70,†,†,†,†,†,†,†,14.80,14.50,14.30,14.40
Woodward OK,40 - Oklahoma,15.74,15.70,15.62,15.72,15.05,15.00,14.30,14.00,14.40,15.20,16.00,14.00
Wooster OH,39 - Ohio,15.40,16.53,16.36,15.40,15.11,17.00,17.60,17.40,17.00,16.50,16.10,14.80
Worcester MA,25 - Massachusetts,14.41,14.69,14.68,14.63,14.33,14.30,14.70,13.90,†,†,†,†
Worthington MN,27 - Minnesota,13.44,13.30,13.50,13.29,13.87,13.10,13.90,14.00,†,†,13.30,13.50
Yakima WA,53 - Washington,†,19.37,19.40,19.09,19.44,18.70,18.70,18.90,19.60,19.20,19.30,19.20
Yankton SD,46 - South Dakota,16.71,16.62,16.29,15.28,15.64,16.10,15.80,16.00,15.80,16.20,16.20,16.10
York-Hanover PA,42 - Pennsylvania,15.49,15.14,14.87,14.27,14.11,14.90,12.40,15.60,15.80,15.80,16.10,16.10
Youngstown-Warren-Boardman OH-PA,39 - Ohio,16.02,15.98,16.09,15.81,15.89,16.70,17.00,16.50,16.40,15.90,16.30,15.70
Yuba City-Marysville CA,="06 - California",22.02,21.40,21.18,†,20.42,19.60,17.10,19.80,18.60,19.60,20.40,19.70
Yuma AZ,="04 - Arizona",24.34,22.20,22.32,22.31,23.71,20.30,20.20,20.30,19.70,19.80,19.90,20.70
Zanesville OH,39 - Ohio,16.80,20.28,18.94,17.32,17.52,19.50,20.10,17.70,18.10,17.10,17.50,16.10
Zapata TX,48 - Texas,16.37,†,†,†,†,†,†,†,†,†,†,†
